Date,Temperature [F],Precipitation [In]
2013-01-01,15.333333333333334,0.0
2013-01-02,21.083333333333332,0.0
2013-01-03,22.666666666666668,0.0
2013-01-04,29.266666666666666,0.0
2013-01-05,35.14444444444444,0.0
2013-01-06,24.150000000000002,0.0
2013-01-07,30.96666666666667,0.0
2013-01-08,37.21666666666667,0.0
2013-01-09,34.88333333333333,0.0
2013-01-10,40.415384615384625,0.060000000000000005
2013-01-11,51.85,0.0
2013-01-12,33.93333333333333,0.007777777777777778
2013-01-13,16.914285714285715,0.0
2013-01-14,20.116666666666664,0.0
2013-01-15,24.55,0.0
2013-01-16,33.516666666666666,0.0
2013-01-17,22.566666666666666,0.0
2013-01-18,37.63333333333333,0.0
2013-01-19,39.36666666666667,0.0
2013-01-20,16.7,0.0
2013-01-21,5.816666666666666,0.0
2013-01-22,10.65,0.0
2013-01-23,17.833333333333332,0.0
2013-01-24,19.516666666666666,0.0
2013-01-25,25.200000000000003,0.0
2013-01-26,26.099999999999998,0.0
2013-01-27,35.21818181818182,0.01363636363636364
2013-01-28,39.55625,0.009375000000000001
2013-01-29,54.01333333333334,0.06333333333333334
2013-01-30,26.641666666666666,0.0
2013-01-31,8.523076923076921,0.0
2013-02-01,15.0875,0.0
2013-02-02,11.299999999999999,0.0
2013-02-03,21.275,0.0
2013-02-04,22.169999999999998,0.0
2013-02-05,29.816666666666666,0.0
2013-02-06,35.03333333333333,0.0
2013-02-07,33.470000000000006,0.007000000000000001
2013-02-08,28.0,0.0
2013-02-09,34.333333333333336,0.0
2013-02-10,48.166666666666664,0.0
2013-02-11,30.633333333333336,0.0
2013-02-12,26.849999999999998,0.0
2013-02-13,37.15,0.0
2013-02-14,34.55,0.0
2013-02-15,25.150000000000002,0.0
2013-02-16,14.850000000000001,0.0
2013-02-17,28.18,0.0
2013-02-18,42.612500000000004,0.04125
2013-02-19,13.516666666666666,0.0
2013-02-20,21.057142857142857,0.0
2013-02-21,27.174999999999997,0.00875
2013-02-22,29.450000000000003,0.0
2013-02-23,25.314285714285717,0.0
2013-02-24,30.666666666666668,0.0
2013-02-25,36.333333333333336,0.0
2013-02-26,33.38000000000001,0.005
2013-02-27,33.2,0.0
2013-02-28,30.000000000000004,0.0
2013-03-01,27.0,0.0
2013-03-02,23.333333333333332,0.0
2013-03-03,26.116666666666664,0.0
2013-03-04,33.36666666666667,0.0
2013-03-05,31.066666666666666,0.0033333333333333335
2013-03-06,32.41428571428572,0.0
2013-03-07,33.0,0.0
2013-03-08,35.016666666666666,0.0
2013-03-09,45.18333333333334,0.0
2013-03-10,51.814285714285724,0.0071428571428571435
2013-03-11,33.720000000000006,0.002
2013-03-12,30.7,0.0
2013-03-13,28.483333333333334,0.0
2013-03-14,33.3875,0.0
2013-03-15,35.675,0.00375
2013-03-16,31.083333333333332,0.0
2013-03-17,32.7,0.0
2013-03-18,27.0,0.0
2013-03-19,28.483333333333334,0.0
2013-03-20,20.3,0.0
2013-03-21,28.066666666666666,0.0
2013-03-22,31.3,0.0
2013-03-23,33.1125,0.0
2013-03-24,34.438461538461546,0.0
2013-03-25,33.724999999999994,0.0
2013-03-26,36.800000000000004,0.0
2013-03-27,37.48333333333333,0.0
2013-03-28,39.96666666666667,0.0
2013-03-29,40.583333333333336,0.0
2013-03-30,52.13333333333333,0.0
2013-03-31,42.300000000000004,0.0
2013-04-01,34.21666666666666,0.0
2013-04-02,36.833333333333336,0.0
2013-04-03,34.56666666666666,0.0
2013-04-04,51.31666666666666,0.0
2013-04-05,37.449999999999996,0.0
2013-04-06,61.8,0.01
2013-04-07,41.699999999999996,0.0
2013-04-08,44.575,0.0
2013-04-09,43.3125,0.0
2013-04-10,39.949999999999996,0.074
2013-04-11,45.62142857142857,0.002142857142857143
2013-04-12,39.44285714285714,0.0
2013-04-13,42.55,0.0
2013-04-14,65.78333333333335,0.0
2013-04-15,48.662499999999994,0.046250000000000006
2013-04-16,42.73333333333333,0.0
2013-04-17,49.57777777777778,0.06333333333333334
2013-04-18,53.973333333333336,0.010666666666666666
2013-04-19,36.33636363636364,0.0
2013-04-20,36.96666666666667,0.0
2013-04-21,48.63333333333333,0.0
2013-04-22,59.333333333333336,0.0
2013-04-23,39.52499999999999,0.037500000000000006
2013-04-24,45.166666666666664,0.0
2013-04-25,46.300000000000004,0.0
2013-04-26,58.81666666666666,0.0
2013-04-27,56.31666666666666,0.0
2013-04-28,54.83333333333334,0.0
2013-04-29,67.81666666666666,0.0
2013-04-30,76.98333333333333,0.0
2013-05-01,77.03333333333333,0.0
2013-05-02,45.98333333333333,0.0
2013-05-03,47.3,0.0014285714285714286
2013-05-04,57.300000000000004,0.0
2013-05-05,57.93333333333334,0.0
2013-05-06,59.166666666666664,0.0
2013-05-07,60.98333333333333,0.0
2013-05-08,65.51666666666667,0.0
2013-05-09,58.0,0.08
2013-05-10,45.1,0.0
2013-05-11,48.166666666666664,0.0
2013-05-12,45.666666666666664,0.0
2013-05-13,55.06666666666666,0.0
2013-05-14,79.18333333333334,0.0
2013-05-15,67.48333333333333,0.0
2013-05-16,62.18333333333334,0.0
2013-05-17,62.03333333333334,0.0
2013-05-18,66.66666666666667,0.0
2013-05-19,82.39999999999999,0.0
2013-05-20,74.35833333333333,0.3475
2013-05-21,74.47142857142856,0.0014285714285714286
2013-05-22,66.85000000000001,0.0
2013-05-23,45.333333333333336,0.0
2013-05-24,48.81666666666666,0.0
2013-05-25,52.35,0.0
2013-05-26,58.81666666666666,0.0
2013-05-27,59.775,0.0025
2013-05-28,69.05384615384615,0.3192307692307692
2013-05-29,79.85000000000001,0.0
2013-05-30,71.83749999999999,0.018750000000000003
2013-05-31,73.65555555555555,0.0
2013-06-01,65.33333333333333,0.028333333333333335
2013-06-02,50.03333333333334,0.0
2013-06-03,59.15,0.0
2013-06-04,60.65,0.0
2013-06-05,62.050000000000004,0.0
2013-06-06,56.166666666666664,0.0
2013-06-07,61.166666666666664,0.0
2013-06-08,62.66666666666668,0.0
2013-06-09,76.68333333333334,0.0
2013-06-10,64.55,0.0
2013-06-11,77.64999999999999,0.0016666666666666668
2013-06-12,69.26153846153845,0.03769230769230769
2013-06-13,62.51666666666667,0.0
2013-06-14,63.333333333333336,0.0
2013-06-15,75.85,0.0225
2013-06-16,78.16666666666667,0.0
2013-06-17,71.33333333333333,0.016666666666666666
2013-06-18,61.166666666666664,0.0
2013-06-19,67.11666666666667,0.0
2013-06-20,77.14999999999999,0.0
2013-06-21,74.93333333333334,0.0
2013-06-22,75.64999999999999,0.0
2013-06-23,78.58571428571427,0.0
2013-06-24,71.325,0.04416666666666667
2013-06-25,78.8111111111111,0.0
2013-06-26,74.7875,0.0
2013-06-27,73.64166666666667,0.25166666666666665
2013-06-28,71.38333333333334,0.005
2013-06-29,65.93333333333334,0.0
2013-06-30,68.33333333333333,0.0
2013-07-01,69.16666666666667,0.0
2013-07-02,62.7,0.0
2013-07-03,67.92857142857142,0.0
2013-07-04,75.68333333333334,0.0
2013-07-05,79.01666666666667,0.0
2013-07-06,76.78333333333332,0.0
2013-07-07,83.64999999999999,0.0
2013-07-08,82.5,0.0
2013-07-09,82.48333333333333,0.0
2013-07-10,71.7,0.0
2013-07-11,72.18333333333334,0.0
2013-07-12,73.81666666666666,0.0
2013-07-13,76.3,0.0
2013-07-14,80.03333333333335,0.0
2013-07-15,82.5,0.0
2013-07-16,86.66666666666667,0.0
2013-07-17,87.64999999999999,0.0
2013-07-18,85.61428571428571,0.0
2013-07-19,83.78888888888889,0.0
2013-07-20,76.35,0.0
2013-07-21,76.93333333333334,0.0
2013-07-22,82.5,0.0
2013-07-23,67.33333333333333,0.0
2013-07-24,66.48333333333333,0.0
2013-07-25,75.13333333333333,0.0
2013-07-26,69.24444444444445,0.0
2013-07-27,60.916666666666664,0.0
2013-07-28,64.5,0.0
2013-07-29,66.14999999999999,0.0
2013-07-30,70.88333333333333,0.0
2013-07-31,69.47142857142856,0.02
2013-08-01,72.68333333333334,0.0
2013-08-02,76.48333333333333,0.0
2013-08-03,70.68333333333334,0.0
2013-08-04,68.0,0.0
2013-08-05,70.36666666666666,0.0
2013-08-06,77.51666666666667,0.0
2013-08-07,73.33333333333333,0.0
2013-08-08,70.86666666666667,0.0
2013-08-09,76.85000000000001,0.0
2013-08-10,73.14999999999999,0.0
2013-08-11,76.66666666666667,0.0
2013-08-12,72.33333333333333,0.0016666666666666668
2013-08-13,64.45,0.0
2013-08-14,64.15,0.0
2013-08-15,69.62,0.0
2013-08-16,72.31666666666666,0.0
2013-08-17,72.5,0.0
2013-08-18,72.83333333333333,0.0
2013-08-19,77.51666666666667,0.0
2013-08-20,80.64999999999999,0.0
2013-08-21,81.12857142857142,0.011428571428571429
2013-08-22,71.48333333333333,0.0
2013-08-23,72.31666666666666,0.0
2013-08-24,78.28333333333332,0.0
2013-08-25,80.83333333333333,0.0
2013-08-26,83.48333333333333,0.0
2013-08-27,86.98333333333333,0.0
2013-08-28,72.8625,0.0
2013-08-29,77.31666666666666,0.0
2013-08-30,74.78,0.10299999999999998
2013-08-31,73.23333333333333,0.0
2013-09-01,76.4375,0.005
2013-09-02,67.69,0.0
2013-09-03,68.81666666666666,0.0
2013-09-04,74.30000000000001,0.0
2013-09-05,66.81666666666666,0.0
2013-09-06,79.18333333333334,0.0
2013-09-07,79.86666666666667,0.0
2013-09-08,73.96666666666667,0.0
2013-09-09,87.98333333333333,0.0
2013-09-10,86.68333333333334,0.0
2013-09-11,79.33333333333333,0.0
2013-09-12,66.98333333333333,0.01
2013-09-13,59.69999999999999,0.0
2013-09-14,65.18333333333334,0.0
2013-09-15,60.112500000000004,0.005
2013-09-16,58.025000000000006,0.0
2013-09-17,65.48333333333333,0.0
2013-09-18,70.11538461538461,0.09307692307692307
2013-09-19,78.21666666666665,0.0
2013-09-20,63.366666666666674,0.0
2013-09-21,56.333333333333336,0.0
2013-09-22,58.333333333333336,0.0
2013-09-23,62.01666666666667,0.0
2013-09-24,63.166666666666664,0.0
2013-09-25,63.333333333333336,0.0
2013-09-26,65.16666666666667,0.0
2013-09-27,69.16666666666667,0.0
2013-09-28,78.18333333333334,0.0
2013-09-29,59.01666666666667,0.0
2013-09-30,68.16666666666667,0.0
2013-10-01,72.0,0.0
2013-10-02,67.87142857142858,0.0
2013-10-03,69.63333333333334,0.13444444444444445
2013-10-04,68.3,0.0
2013-10-05,70.35,0.1257142857142857
2013-10-06,49.51666666666667,0.0
2013-10-07,58.79999999999999,0.0
2013-10-08,65.31666666666668,0.0
2013-10-09,60.66666666666666,0.0
2013-10-10,63.5,0.0
2013-10-11,65.46666666666667,0.0
2013-10-12,59.48333333333333,0.0
2013-10-13,54.11666666666667,0.0
2013-10-14,57.41666666666666,0.0
2013-10-15,60.25000000000001,0.0
2013-10-16,52.21666666666667,0.0
2013-10-17,47.43333333333334,0.0
2013-10-18,47.6,0.0
2013-10-19,48.26666666666667,0.0016666666666666668
2013-10-20,59.96666666666667,0.0033333333333333335
2013-10-21,39.083333333333336,0.0
2013-10-22,38.483333333333334,0.0
2013-10-23,40.11666666666667,0.0
2013-10-24,38.800000000000004,0.0
2013-10-25,46.31666666666666,0.0
2013-10-26,42.5,0.0
2013-10-27,46.166666666666664,0.0
2013-10-28,47.9125,0.0
2013-10-29,53.25714285714286,0.0
2013-10-30,59.44444444444444,0.09555555555555556
2013-10-31,53.07777777777778,0.0044444444444444444
2013-11-01,46.25,0.013000000000000001
2013-11-02,42.971428571428575,0.002857142857142857
2013-11-03,45.96,0.0
2013-11-04,53.71666666666667,0.0
2013-11-05,54.275000000000006,0.00125
2013-11-06,40.271428571428565,0.0
2013-11-07,35.199999999999996,0.0
2013-11-08,46.449999999999996,0.0
2013-11-09,47.63333333333333,0.0
2013-11-10,43.916666666666664,0.0
2013-11-11,28.666666666666668,0.0
2013-11-12,26.049999999999997,0.0
2013-11-13,34.06666666666666,0.0
2013-11-14,43.18333333333333,0.0
2013-11-15,45.5,0.0
2013-11-16,58.529999999999994,0.029000000000000005
2013-11-17,46.08571428571429,0.0
2013-11-18,34.199999999999996,0.0
2013-11-19,36.65,0.0
2013-11-20,41.0,0.02666666666666667
2013-11-21,45.800000000000004,0.004166666666666667
2013-11-22,30.11666666666667,0.0
2013-11-23,17.849999999999998,0.0
2013-11-24,22.633333333333336,0.0
2013-11-25,30.599999999999998,0.0
2013-11-26,24.125,0.0
2013-11-27,23.549999999999997,0.0
2013-11-28,25.05,0.0
2013-11-29,33.24999999999999,0.0
2013-11-30,40.15,0.0
2013-12-01,34.88333333333333,0.0
2013-12-02,37.8,0.015000000000000001
2013-12-03,50.0,0.0
2013-12-04,51.88571428571429,0.0
2013-12-05,23.516666666666666,0.0
2013-12-06,16.216666666666665,0.0
2013-12-07,17.25,0.0
2013-12-08,24.90909090909091,0.00818181818181818
2013-12-09,6.166666666666667,0.0
2013-12-10,16.7,0.0
2013-12-11,4.816666666666666,0.0
2013-12-12,18.03333333333333,0.0
2013-12-13,29.56363636363636,0.005454545454545454
2013-12-14,27.342857142857145,0.0
2013-12-15,12.450000000000001,0.0
2013-12-16,19.85,0.0
2013-12-17,27.633333333333336,0.0
2013-12-18,32.699999999999996,0.0
2013-12-19,37.422222222222224,0.005555555555555556
2013-12-20,34.769999999999996,0.0
2013-12-21,35.3,0.019999999999999997
2013-12-22,26.828571428571426,0.0
2013-12-23,1.8,0.0
2013-12-24,16.733333333333334,0.0
2013-12-25,26.71538461538462,0.0015384615384615385
2013-12-26,34.55,0.0
2013-12-27,40.300000000000004,0.0
2013-12-28,41.333333333333336,0.0
2013-12-29,19.066666666666666,0.0
2013-12-30,10.947368421052635,0.0
2013-12-31,13.636363636363637,0.006363636363636364
2014-01-01,21.175,0.0
2014-01-02,7.5,0.0
2014-01-03,18.5,0.0
2014-01-04,30.479999999999993,0.018000000000000002
2014-01-05,3.5199999999999996,0.0
2014-01-06,-9.933333333333332,0.0
2014-01-07,3.4166666666666665,0.0
2014-01-08,6.666666666666667,0.0
2014-01-09,25.922222222222224,0.0
2014-01-10,41.18333333333333,0.05166666666666667
2014-01-11,32.88333333333333,0.0
2014-01-12,42.88333333333333,0.0
2014-01-13,32.357142857142854,0.0
2014-01-14,24.380000000000003,0.0
2014-01-15,18.033333333333335,0.0
2014-01-16,25.485714285714288,0.0
2014-01-17,16.0875,0.0
2014-01-18,19.415384615384617,0.0
2014-01-19,37.15,0.0
2014-01-20,21.861538461538455,0.0
2014-01-21,3.6285714285714277,0.0
2014-01-22,7.655555555555556,0.0
2014-01-23,0.16666666666666674,0.0
2014-01-24,24.640000000000004,0.0
2014-01-25,8.716666666666667,0.0
2014-01-26,22.424999999999997,0.0
2014-01-27,-6.066666666666666,0.0
2014-01-28,1.5999999999999999,0.0
2014-01-29,21.116666666666664,0.0
2014-01-30,32.028571428571425,0.0
2014-01-31,22.24,0.003
2014-02-01,26.269230769230774,0.0
2014-02-02,11.666666666666666,0.0
2014-02-03,13.116666666666667,0.0
2014-02-04,22.48571428571429,0.0007142857142857143
2014-02-05,14.9875,0.0
2014-02-06,0.35000000000000003,0.0
2014-02-07,7.916666666666667,0.0
2014-02-08,16.0875,0.0
2014-02-09,9.966666666666667,0.0
2014-02-10,3.2999999999999994,0.0
2014-02-11,7.016666666666667,0.0
2014-02-12,20.45,0.0
2014-02-13,27.369999999999997,0.0
2014-02-14,16.183333333333334,0.0
2014-02-15,16.76923076923077,0.0007692307692307692
2014-02-16,24.849999999999998,0.0
2014-02-17,27.24615384615384,0.0023076923076923075
2014-02-18,39.45,0.0
2014-02-19,35.53333333333333,0.0
2014-02-20,43.12222222222222,0.01
2014-02-21,33.0,0.0
2014-02-22,28.183333333333334,0.0
2014-02-23,19.633333333333333,0.0
2014-02-24,20.266666666666666,0.0
2014-02-25,10.316666666666666,0.0
2014-02-26,16.033333333333335,0.0
2014-02-27,7.366666666666667,0.0
2014-02-28,30.450000000000003,0.0
2014-03-01,14.623809523809522,0.0038095238095238095
2014-03-02,6.550000000000001,0.0
2014-03-03,13.083333333333334,0.0
2014-03-04,23.0,0.0
2014-03-05,22.666666666666668,0.0
2014-03-06,25.366666666666664,0.0
2014-03-07,40.666666666666664,0.0
2014-03-08,25.549999999999997,0.0
2014-03-09,40.449999999999996,0.0
2014-03-10,46.18333333333334,0.0
2014-03-11,37.166666666666664,0.03166666666666667
2014-03-12,20.96666666666667,0.0
2014-03-13,35.81666666666667,0.0
2014-03-14,41.36666666666667,0.0
2014-03-15,29.6,0.0
2014-03-16,22.816666666666666,0.0
2014-03-17,34.53333333333333,0.0
2014-03-18,47.08571428571429,0.0
2014-03-19,36.15,0.0
2014-03-20,37.166666666666664,0.0
2014-03-21,51.35,0.0
2014-03-22,33.27142857142857,0.0
2014-03-23,24.066666666666666,0.0
2014-03-24,30.816666666666666,0.0
2014-03-25,24.36666666666667,0.0
2014-03-26,38.083333333333336,0.0
2014-03-27,50.445454545454545,0.009090909090909092
2014-03-28,35.36666666666667,0.0
2014-03-29,33.333333333333336,0.0
2014-03-30,49.81666666666666,0.0
2014-03-31,60.824999999999996,0.00375
2014-04-01,45.96666666666667,0.0
2014-04-02,37.63333333333333,0.0
2014-04-03,38.7,0.0
2014-04-04,37.61666666666667,0.0
2014-04-05,42.333333333333336,0.0
2014-04-06,47.300000000000004,0.0
2014-04-07,47.93333333333334,0.0
2014-04-08,47.85,0.0
2014-04-09,56.81666666666667,0.0
2014-04-10,54.0,0.0
2014-04-11,61.96666666666666,0.0
2014-04-12,70.96666666666665,0.0
2014-04-13,53.625,0.055833333333333346
2014-04-14,32.6,0.0029411764705882353
2014-04-15,34.88333333333333,0.0
2014-04-16,47.46666666666667,0.0
2014-04-17,55.48333333333334,0.0
2014-04-18,40.03333333333333,0.0
2014-04-19,56.133333333333326,0.0
2014-04-20,70.78333333333333,0.0
2014-04-21,61.300000000000004,0.1
2014-04-22,43.4,0.0
2014-04-23,42.36666666666667,0.0
2014-04-24,59.783333333333324,0.0
2014-04-25,64.25000000000001,0.0
2014-04-26,41.666666666666664,0.0
2014-04-27,56.43750000000001,0.00125
2014-04-28,52.654545454545456,0.00818181818181818
2014-04-29,56.385714285714286,0.0
2014-04-30,46.78333333333334,0.0
2014-05-01,47.08749999999999,0.00125
2014-05-02,52.366666666666674,0.006666666666666667
2014-05-03,64.03333333333335,0.0
2014-05-04,49.0,0.0
2014-05-05,47.51666666666667,0.0
2014-05-06,58.599999999999994,0.0
2014-05-07,60.400000000000006,0.0
2014-05-08,81.58333333333333,0.0
2014-05-09,63.366666666666674,0.0
2014-05-10,68.49999999999999,0.0
2014-05-11,67.66999999999999,0.09100000000000001
2014-05-12,80.12222222222222,0.0011111111111111111
2014-05-13,55.96666666666667,0.0
2014-05-14,48.47142857142858,0.005714285714285714
2014-05-15,45.35,0.0
2014-05-16,44.25,0.0
2014-05-17,54.23333333333333,0.0
2014-05-18,62.93333333333334,0.0
2014-05-19,68.14999999999999,0.0
2014-05-20,73.88333333333334,0.10250000000000002
2014-05-21,77.68571428571428,0.0
2014-05-22,59.03333333333333,0.0
2014-05-23,56.300000000000004,0.0
2014-05-24,60.74999999999999,0.0
2014-05-25,72.21666666666668,0.0
2014-05-26,76.1,0.01125
2014-05-27,69.40833333333333,0.05666666666666667
2014-05-28,59.71,0.0
2014-05-29,62.849999999999994,0.0
2014-05-30,67.41666666666667,0.0
2014-05-31,74.01666666666667,0.0
2014-06-01,79.76666666666667,0.0
2014-06-02,78.83333333333333,0.0
2014-06-03,72.88333333333334,0.0
2014-06-04,61.199999999999996,0.0
2014-06-05,66.26666666666667,0.0
2014-06-06,70.3,0.0
2014-06-07,72.81666666666666,0.013333333333333334
2014-06-08,62.82000000000001,0.0
2014-06-09,63.03333333333334,0.0
2014-06-10,61.06428571428571,0.021428571428571432
2014-06-11,64.1,0.0
2014-06-12,71.28333333333333,0.0
2014-06-13,65.15,0.0
2014-06-14,73.98333333333333,0.0
2014-06-15,81.25,0.0
2014-06-16,85.11428571428571,0.0
2014-06-17,84.75,0.0
2014-06-18,64.52105263157895,0.08000000000000002
2014-06-19,72.94,0.039999999999999994
2014-06-20,69.06249999999999,0.0
2014-06-21,69.43076923076923,0.2053846153846154
2014-06-22,68.3,0.0
2014-06-23,77.96666666666665,0.0
2014-06-24,73.90909090909089,0.2127272727272727
2014-06-25,64.7,0.0
2014-06-26,63.900000000000006,0.0
2014-06-27,83.81666666666666,0.0
2014-06-28,77.99999999999999,0.034444444444444444
2014-06-29,81.17142857142858,0.0
2014-06-30,71.7142857142857,0.2952380952380952
2014-07-01,76.5,0.005
2014-07-02,58.66666666666666,0.009166666666666665
2014-07-03,69.03333333333333,0.0
2014-07-04,70.89999999999999,0.0
2014-07-05,72.21666666666668,0.0016666666666666668
2014-07-06,82.64999999999999,0.0
2014-07-07,81.86666666666667,0.0
2014-07-08,76.16666666666667,0.0
2014-07-09,71.2,0.0
2014-07-10,71.66666666666667,0.0
2014-07-11,79.06666666666666,0.0
2014-07-12,79.8,0.0225
2014-07-13,78.46666666666665,0.0
2014-07-14,71.0,0.0
2014-07-15,62.46666666666667,0.008333333333333333
2014-07-16,66.81666666666666,0.0
2014-07-17,71.33333333333333,0.0
2014-07-18,74.23333333333333,0.0
2014-07-19,74.28333333333335,0.0
2014-07-20,77.45,0.0
2014-07-21,80.78,0.0
2014-07-22,84.39999999999999,0.032857142857142856
2014-07-23,65.51666666666667,0.0
2014-07-24,67.96666666666665,0.0
2014-07-25,72.66666666666667,0.0
2014-07-26,79.27142857142859,0.0
2014-07-27,71.18571428571428,0.005714285714285714
2014-07-28,65.46666666666665,0.0
2014-07-29,71.60000000000001,0.0
2014-07-30,68.36666666666666,0.0
2014-07-31,76.76666666666667,0.0
2014-08-01,71.61666666666667,0.0
2014-08-02,75.81666666666666,0.0
2014-08-03,77.05,0.0
2014-08-04,71.76428571428572,0.28071428571428575
2014-08-05,71.85000000000001,0.0
2014-08-06,73.43333333333334,0.0
2014-08-07,74.28333333333335,0.0
2014-08-08,75.78333333333332,0.0
2014-08-09,74.67999999999999,0.0
2014-08-10,75.58,0.0
2014-08-11,74.81666666666666,0.0
2014-08-12,66.45,0.0
2014-08-13,71.03999999999999,0.0
2014-08-14,65.28333333333335,0.0
2014-08-15,71.92,0.0
2014-08-16,75.78333333333335,0.0
2014-08-17,66.73333333333333,0.0
2014-08-18,78.18333333333332,0.0
2014-08-19,79.43333333333334,0.0
2014-08-20,79.83333333333333,0.0
2014-08-21,77.18333333333334,0.0
2014-08-22,81.16,0.0
2014-08-23,73.82000000000001,0.0
2014-08-24,83.35000000000001,0.0
2014-08-25,76.21666666666665,0.0
2014-08-26,76.23333333333333,0.0
2014-08-27,71.61666666666667,0.0
2014-08-28,73.5,0.0033333333333333335
2014-08-29,79.81666666666666,0.0
2014-08-30,78.31666666666666,0.0
2014-08-31,80.03333333333335,0.0
2014-09-01,77.81666666666666,0.0
2014-09-02,75.41666666666667,0.0
2014-09-03,79.33333333333333,0.0
2014-09-04,82.8,0.0
2014-09-05,69.71428571428571,0.002857142857142857
2014-09-06,69.2,0.0
2014-09-07,70.63333333333333,0.0
2014-09-08,73.66666666666667,0.0
2014-09-09,76.48333333333333,0.0
2014-09-10,65.94285714285715,0.0
2014-09-11,53.10000000000001,0.0
2014-09-12,47.29999999999999,0.0075
2014-09-13,53.53333333333334,0.0
2014-09-14,61.75999999999999,0.0
2014-09-15,57.92727272727272,0.0
2014-09-16,60.29999999999999,0.0
2014-09-17,62.78333333333334,0.0
2014-09-18,61.699999999999996,0.0
2014-09-19,69.35000000000001,0.0
2014-09-20,72.11666666666667,0.0
2014-09-21,58.4875,0.0
2014-09-22,59.18333333333333,0.0
2014-09-23,64.2,0.0
2014-09-24,66.01666666666667,0.0
2014-09-25,67.48333333333333,0.0
2014-09-26,68.3,0.0
2014-09-27,67.14999999999999,0.0
2014-09-28,65.975,0.0
2014-09-29,61.25,0.0
2014-09-30,57.96666666666666,0.0
2014-10-01,66.53333333333335,0.0
2014-10-02,69.27272727272727,0.047272727272727286
2014-10-03,48.15,0.0016666666666666668
2014-10-04,46.21666666666666,0.0
2014-10-05,53.85,0.0
2014-10-06,52.85,0.0
2014-10-07,58.85,0.0
2014-10-08,58.78333333333333,0.0
2014-10-09,53.050000000000004,0.0
2014-10-10,51.333333333333336,0.0
2014-10-11,52.15,0.0
2014-10-12,59.74999999999999,0.00125
2014-10-13,68.87142857142857,0.07999999999999999
2014-10-14,57.36153846153846,0.03461538461538462
2014-10-15,56.52857142857142,0.0
2014-10-16,55.72857142857142,0.0
2014-10-17,54.95,0.00125
2014-10-18,44.31666666666666,0.0
2014-10-19,53.550000000000004,0.0
2014-10-20,55.46666666666667,0.0
2014-10-21,50.785714285714285,0.0
2014-10-22,47.300000000000004,0.0
2014-10-23,57.11666666666667,0.0
2014-10-24,63.1,0.0
2014-10-25,60.5,0.0
2014-10-26,55.76666666666667,0.0
2014-10-27,71.16666666666667,0.0016666666666666668
2014-10-28,52.03333333333333,0.0
2014-10-29,45.96666666666667,0.0
2014-10-30,48.96666666666667,0.0
2014-10-31,36.381818181818176,0.0009090909090909091
2014-11-01,37.483333333333334,0.0
2014-11-02,50.0,0.0
2014-11-03,61.916666666666664,0.0
2014-11-04,46.63333333333333,0.0
2014-11-05,54.833333333333336,0.0
2014-11-06,41.36666666666667,0.0
2014-11-07,43.550000000000004,0.0
2014-11-08,41.85,0.0
2014-11-09,49.85,0.0
2014-11-10,58.300000000000004,0.0
2014-11-11,34.8,0.0
2014-11-12,28.45,0.0
2014-11-13,28.150000000000002,0.0
2014-11-14,27.366666666666664,0.0
2014-11-15,28.933333333333334,0.0
2014-11-16,29.7375,0.0
2014-11-17,14.281818181818183,0.0
2014-11-18,19.45,0.0
2014-11-19,25.400000000000002,0.0
2014-11-20,20.5,0.0
2014-11-21,33.3,0.0
2014-11-22,52.775000000000006,0.0
2014-11-23,52.03333333333334,0.06999999999999999
2014-11-24,28.587500000000002,0.0
2014-11-25,23.611111111111107,0.0
2014-11-26,30.633333333333336,0.0
2014-11-27,20.966666666666665,0.0
2014-11-28,35.4,0.0
2014-11-29,51.11,0.0
2014-11-30,32.44285714285714,0.0
2014-12-01,26.185714285714283,0.0
2014-12-02,31.999999999999993,0.0
2014-12-03,29.983333333333334,0.0
2014-12-04,35.55714285714286,0.0
2014-12-05,38.971428571428575,0.0
2014-12-06,36.35,0.0
2014-12-07,35.4,0.0
2014-12-08,37.542857142857144,0.0014285714285714286
2014-12-09,33.699999999999996,0.0
2014-12-10,32.85,0.0
2014-12-11,28.3,0.0
2014-12-12,36.8625,0.0
2014-12-13,48.9,0.0
2014-12-14,48.07,0.0
2014-12-15,44.17500000000001,0.004166666666666667
2014-12-16,34.36666666666667,0.0
2014-12-17,26.61428571428571,0.0
2014-12-18,30.157142857142855,0.0
2014-12-19,33.4,0.0
2014-12-20,34.0,0.0
2014-12-21,35.98571428571429,0.0
2014-12-22,43.14444444444445,0.007777777777777778
2014-12-23,44.18333333333334,0.0
2014-12-24,37.9,0.0
2014-12-25,41.550000000000004,0.0
2014-12-26,49.333333333333336,0.0
2014-12-27,34.85,0.0
2014-12-28,27.849999999999998,0.0
2014-12-29,26.516666666666666,0.0
2014-12-30,15.183333333333335,0.0
2014-12-31,19.45,0.0
2015-01-01,28.8,0.0
2015-01-02,33.21666666666667,0.0
2015-01-03,35.84545454545455,0.0036363636363636364
2015-01-04,9.799999999999999,0.0
2015-01-05,8.459999999999999,0.01
2015-01-06,10.366666666666665,0.0
2015-01-07,-1.7833333333333332,0.0
2015-01-08,17.38181818181818,0.0
2015-01-09,4.116666666666666,0.0
2015-01-10,24.183333333333334,0.0
2015-01-11,30.099999999999998,0.005555555555555556
2015-01-12,19.853846153846156,0.0
2015-01-13,14.571428571428573,0.0
2015-01-14,16.55,0.0
2015-01-15,29.766666666666666,0.0
2015-01-16,30.78333333333333,0.0
2015-01-17,39.72222222222222,0.0
2015-01-18,33.03333333333333,0.0
2015-01-19,35.44285714285714,0.0
2015-01-20,34.099999999999994,0.0022222222222222222
2015-01-21,32.15,0.0
2015-01-22,31.633333333333336,0.0
2015-01-23,30.483333333333334,0.0
2015-01-24,35.55,0.0
2015-01-25,27.5,0.0
2015-01-26,27.642857142857142,0.0035714285714285718
2015-01-27,27.016666666666666,0.0
2015-01-28,35.1875,0.01125
2015-01-29,34.57142857142857,0.0
2015-01-30,24.88333333333333,0.0
2015-01-31,34.87777777777777,0.008888888888888889
2015-02-01,22.140000000000004,0.002
2015-02-02,10.4,0.0
2015-02-03,27.985714285714288,0.0014285714285714286
2015-02-04,14.183333333333335,0.0
2015-02-05,12.149999999999999,0.0
2015-02-06,28.599999999999998,0.0
2015-02-07,41.88333333333333,0.0
2015-02-08,32.0,0.0
2015-02-09,27.014285714285712,0.0
2015-02-10,29.450000000000003,0.0
2015-02-11,25.0,0.0
2015-02-12,13.15,0.0
2015-02-13,28.1,0.0
2015-02-14,5.8500000000000005,0.0
2015-02-15,13.662500000000001,0.0
2015-02-16,16.816666666666666,0.0
2015-02-17,13.850000000000001,0.0
2015-02-18,2.9545454545454546,0.0
2015-02-19,2.6,0.0
2015-02-20,19.3,0.0
2015-02-21,30.122222222222224,0.0
2015-02-22,9.816666666666666,0.0
2015-02-23,6.216666666666666,0.0
2015-02-24,28.983333333333334,0.0
2015-02-25,22.724999999999994,0.005625
2015-02-26,10.333333333333334,0.0
2015-02-27,7.3500000000000005,0.0
2015-02-28,19.91111111111111,0.0
2015-03-01,21.82857142857143,0.0
2015-03-02,28.150000000000002,0.0
2015-03-03,34.666666666666664,0.0
2015-03-04,17.016666666666666,0.0
2015-03-05,11.649999999999999,0.0
2015-03-06,25.150000000000002,0.0
2015-03-07,37.65,0.0
2015-03-08,37.983333333333334,0.0
2015-03-09,41.83333333333333,0.0
2015-03-10,44.56666666666666,0.0
2015-03-11,42.800000000000004,0.0
2015-03-12,47.85,0.0
2015-03-13,53.15,0.0
2015-03-14,46.38333333333333,0.0
2015-03-15,58.85,0.0
2015-03-16,59.028571428571425,0.0
2015-03-17,35.68333333333333,0.0
2015-03-18,43.916666666666664,0.0
2015-03-19,42.94285714285714,0.0
2015-03-20,42.58571428571428,0.0
2015-03-21,35.86666666666667,0.0
2015-03-22,32.15,0.0
2015-03-23,31.816666666666666,0.0
2015-03-24,38.63333333333333,0.0
2015-03-25,40.83333333333333,0.0
2015-03-26,37.27142857142858,0.0
2015-03-27,26.633333333333336,0.0
2015-03-28,30.3,0.0
2015-03-29,46.85,0.0
2015-03-30,52.16666666666668,0.0
2015-03-31,48.81666666666666,0.0
2015-04-01,65.66666666666667,0.0
2015-04-02,58.86666666666667,0.0
2015-04-03,36.0,0.0
2015-04-04,53.15,0.0
2015-04-05,59.26666666666667,0.0
2015-04-06,44.85,0.0033333333333333335
2015-04-07,47.45,0.0
2015-04-08,45.121428571428574,0.01642857142857143
2015-04-09,66.05999999999999,0.018
2015-04-10,46.31666666666666,0.0
2015-04-11,58.050000000000004,0.0
2015-04-12,64.63333333333334,0.0
2015-04-13,59.71666666666666,0.0
2015-04-14,56.25,0.0
2015-04-15,58.15,0.0
2015-04-16,54.666666666666664,0.0
2015-04-17,69.01666666666667,0.0
2015-04-18,52.19999999999999,0.0
2015-04-19,52.46363636363637,0.01636363636363636
2015-04-20,46.21666666666667,0.0
2015-04-21,45.166666666666664,0.0
2015-04-22,44.0,0.0
2015-04-23,44.35,0.0
2015-04-24,46.31666666666666,0.04666666666666667
2015-04-25,44.025000000000006,0.0
2015-04-26,47.35,0.0
2015-04-27,46.93333333333334,0.0
2015-04-28,49.666666666666664,0.0
2015-04-29,50.0,0.0
2015-04-30,46.449999999999996,0.0
2015-05-01,58.96666666666666,0.0
2015-05-02,70.3,0.0
2015-05-03,68.18333333333334,0.03333333333333333
2015-05-04,59.366666666666674,0.0
2015-05-05,53.212500000000006,0.0
2015-05-06,61.36666666666667,0.0
2015-05-07,76.17142857142858,0.0
2015-05-08,67.04285714285714,0.017142857142857144
2015-05-09,50.36363636363637,0.007272727272727273
2015-05-10,51.96666666666667,0.0
2015-05-11,59.29999999999999,0.0
2015-05-12,52.68333333333333,0.0
2015-05-13,47.333333333333336,0.0
2015-05-14,61.61666666666667,0.015
2015-05-15,73.64999999999999,0.0
2015-05-16,74.51666666666667,0.0
2015-05-17,78.76666666666667,0.0
2015-05-18,58.53333333333334,0.0
2015-05-19,45.38333333333333,0.0
2015-05-20,46.13333333333333,0.0016666666666666668
2015-05-21,63.53333333333334,0.0
2015-05-22,55.93333333333333,0.0
2015-05-23,71.7,0.0
2015-05-24,70.33333333333333,0.01
2015-05-25,77.11666666666667,0.0
2015-05-26,71.2,0.0016666666666666668
2015-05-27,69.48333333333333,0.0
2015-05-28,72.21666666666668,0.0
2015-05-29,78.0,0.0
2015-05-30,47.724999999999994,0.030000000000000002
2015-05-31,50.666666666666664,0.0
2015-06-01,53.06666666666667,0.0
2015-06-02,60.35,0.0
2015-06-03,68.28333333333335,0.0
2015-06-04,78.64999999999999,0.0
2015-06-05,58.142857142857146,0.0
2015-06-06,61.71666666666667,0.0
2015-06-07,73.66666666666667,0.0
2015-06-08,70.55,0.01
2015-06-09,81.91666666666667,0.0
2015-06-10,75.25714285714285,0.0014285714285714286
2015-06-11,67.14444444444445,0.06333333333333334
2015-06-12,59.0,0.0
2015-06-13,75.2375,0.02375
2015-06-14,78.0875,0.0
2015-06-15,72.22307692307692,0.08384615384615385
2015-06-16,63.260000000000005,0.0
2015-06-17,71.10000000000001,0.0
2015-06-18,67.44285714285715,0.0
2015-06-19,60.699999999999996,0.0
2015-06-20,75.0,0.05142857142857143
2015-06-21,79.31666666666666,0.0
2015-06-22,82.17,0.0
2015-06-23,72.71666666666665,0.0
2015-06-24,73.81666666666666,0.0
2015-06-25,68.6,0.001
2015-06-26,62.36666666666667,0.036666666666666674
2015-06-27,69.33333333333333,0.0
2015-06-28,71.83333333333333,0.0
2015-06-29,70.2,0.0
2015-06-30,64.24000000000001,0.0
2015-07-01,59.333333333333336,0.0
2015-07-02,63.06666666666667,0.0
2015-07-03,68.98333333333333,0.0
2015-07-04,73.58333333333333,0.0
2015-07-05,79.48333333333333,0.0
2015-07-06,76.23333333333332,0.04916666666666667
2015-07-07,61.199999999999996,0.0
2015-07-08,63.89090909090908,0.0
2015-07-09,68.33333333333333,0.0
2015-07-10,74.31666666666666,0.0
2015-07-11,73.81666666666666,0.0
2015-07-12,77.51666666666667,0.0
2015-07-13,79.86363636363636,0.07818181818181819
2015-07-14,66.96666666666665,0.0
2015-07-15,67.14999999999999,0.0
2015-07-16,73.30833333333332,0.09583333333333334
2015-07-17,84.5,0.0
2015-07-18,80.05000000000001,0.0
2015-07-19,77.64999999999999,0.0
2015-07-20,79.01666666666667,0.0
2015-07-21,75.81666666666666,0.0
2015-07-22,76.63333333333333,0.0
2015-07-23,78.35000000000001,0.0
2015-07-24,79.85000000000001,0.0
2015-07-25,77.64999999999999,0.0
2015-07-26,77.51666666666667,0.0
2015-07-27,80.33333333333333,0.0
2015-07-28,85.51666666666667,0.0
2015-07-29,79.96666666666665,0.0
2015-07-30,82.2,0.0
2015-07-31,78.66666666666667,0.0
2015-08-01,80.48333333333333,0.0
2015-08-02,78.52000000000001,0.35100000000000003
2015-08-03,75.8,0.0
2015-08-04,75.63333333333333,0.0
2015-08-05,75.33333333333333,0.0
2015-08-06,75.3,0.0
2015-08-07,79.86666666666667,0.0
2015-08-08,73.96666666666667,0.0
2015-08-09,76.68571428571428,0.0
2015-08-10,74.8,0.0
2015-08-11,73.18333333333334,0.0
2015-08-12,72.66666666666667,0.0
2015-08-13,78.16666666666667,0.0
2015-08-14,77.24444444444444,0.03333333333333334
2015-08-15,77.66666666666667,0.0016666666666666668
2015-08-16,82.85000000000001,0.0
2015-08-17,75.53999999999999,0.093
2015-08-18,74.35833333333333,0.14416666666666667
2015-08-19,67.33333333333333,0.0
2015-08-20,69.46666666666665,0.0
2015-08-21,76.33333333333333,0.0
2015-08-22,76.14999999999999,0.0
2015-08-23,70.36666666666666,0.0
2015-08-24,66.63333333333333,0.0
2015-08-25,65.78333333333332,0.0
2015-08-26,64.93333333333334,0.0
2015-08-27,67.81666666666666,0.0
2015-08-28,72.8,0.0
2015-08-29,70.14166666666667,0.005
2015-08-30,70.38333333333334,0.0
2015-08-31,79.38333333333334,0.0
2015-09-01,83.03333333333335,0.0
2015-09-02,83.8,0.0
2015-09-03,77.6,0.0
2015-09-04,74.60000000000001,0.0
2015-09-05,79.56666666666666,0.0
2015-09-06,86.14999999999999,0.0
2015-09-07,84.48333333333333,0.0
2015-09-08,73.71000000000001,0.024
2015-09-09,69.16666666666667,0.0
2015-09-10,63.81666666666667,0.0
2015-09-11,60.36666666666667,0.0
2015-09-12,57.5,0.0
2015-09-13,63.65,0.0
2015-09-14,74.33333333333333,0.0
2015-09-15,74.39999999999999,0.0
2015-09-16,75.51666666666667,0.0
2015-09-17,79.15555555555557,0.013333333333333332
2015-09-18,70.61111111111111,0.043333333333333335
2015-09-19,62.18333333333333,0.0
2015-09-20,63.800000000000004,0.0
2015-09-21,64.83333333333333,0.0
2015-09-22,70.69999999999999,0.0
2015-09-23,70.23333333333333,0.0
2015-09-24,69.36666666666666,0.0
2015-09-25,69.18333333333334,0.0
2015-09-26,71.21666666666665,0.0
2015-09-27,70.55,0.0
2015-09-28,75.78333333333335,0.0
2015-09-29,59.58888888888888,0.0
2015-09-30,58.48333333333333,0.0
2015-10-01,56.63333333333333,0.0
2015-10-02,58.699999999999996,0.0
2015-10-03,50.471428571428575,0.0014285714285714286
2015-10-04,58.083333333333336,0.0
2015-10-05,58.81666666666666,0.0
2015-10-06,60.03333333333333,0.0
2015-10-07,59.333333333333336,0.0
2015-10-08,70.66250000000001,0.0
2015-10-09,54.63333333333333,0.0
2015-10-10,58.29999999999999,0.0
2015-10-11,69.64999999999999,0.0
2015-10-12,63.666666666666664,0.0
2015-10-13,56.51666666666667,0.0
2015-10-14,54.65,0.0
2015-10-15,56.01666666666667,0.0
2015-10-16,46.78333333333334,0.0
2015-10-17,43.849999999999994,0.0
2015-10-18,50.849999999999994,0.0
2015-10-19,65.64999999999999,0.0
2015-10-20,65.85000000000001,0.015000000000000001
2015-10-21,69.31666666666666,0.0
2015-10-22,55.45000000000001,0.0
2015-10-23,62.77499999999999,0.005
2015-10-24,54.333333333333336,0.0
2015-10-25,51.833333333333336,0.0
2015-10-26,55.93333333333333,0.0
2015-10-27,52.46363636363637,0.035454545454545454
2015-10-28,43.63749999999999,0.00125
2015-10-29,46.785714285714285,0.0
2015-10-30,51.03333333333333,0.0
2015-10-31,52.82500000000001,0.0
2015-11-01,56.6,0.0
2015-11-02,60.98333333333333,0.0
2015-11-03,58.3,0.0
2015-11-04,64.81666666666668,0.0
2015-11-05,66.025,0.0
2015-11-06,46.300000000000004,0.0
2015-11-07,42.68333333333334,0.0
2015-11-08,45.5,0.0
2015-11-09,49.166666666666664,0.0
2015-11-10,46.51666666666667,0.0
2015-11-11,55.36470588235294,0.09941176470588237
2015-11-12,45.06666666666666,0.0
2015-11-13,39.31666666666667,0.0
2015-11-14,52.53333333333333,0.0
2015-11-15,55.01666666666667,0.0
2015-11-16,48.89999999999999,0.003
2015-11-17,61.43333333333334,0.0
2015-11-18,51.57142857142857,0.0
2015-11-19,38.63333333333333,0.0
2015-11-20,34.14,0.015333333333333334
2015-11-21,24.5,0.0
2015-11-22,26.516666666666666,0.0
2015-11-23,32.81666666666667,0.0
2015-11-24,39.45,0.0
2015-11-25,52.21666666666667,0.0033333333333333335
2015-11-26,59.21666666666667,0.013333333333333334
2015-11-27,39.45,0.0
2015-11-28,37.28333333333334,0.0
2015-11-29,41.516666666666666,0.0
2015-11-30,44.03333333333333,0.011111111111111112
2015-12-01,39.78333333333334,0.0
2015-12-02,33.64285714285714,0.0
2015-12-03,35.2125,0.0
2015-12-04,37.46153846153846,0.0
2015-12-05,34.55,0.0
2015-12-06,39.5,0.0
2015-12-07,38.77777777777777,0.0
2015-12-08,47.300000000000004,0.0
2015-12-09,46.0,0.0
2015-12-10,48.449999999999996,0.0
2015-12-11,51.9,0.0
2015-12-12,53.8875,0.0
2015-12-13,60.712500000000006,0.045000000000000005
2015-12-14,45.17272727272728,0.0
2015-12-15,42.550000000000004,0.0
2015-12-16,38.325,0.0
2015-12-17,30.3,0.0
2015-12-18,29.7,0.0
2015-12-19,28.3,0.0
2015-12-20,47.13333333333333,0.005
2015-12-21,46.04444444444445,0.0
2015-12-22,40.666666666666664,0.0
2015-12-23,52.4,0.0
2015-12-24,43.03333333333333,0.0
2015-12-25,39.300000000000004,0.0
2015-12-26,44.330000000000005,0.013000000000000001
2015-12-27,37.5625,0.0
2015-12-28,38.09166666666667,0.036666666666666674
2015-12-29,31.450000000000003,0.0
2015-12-30,28.314285714285717,0.0
2015-12-31,25.400000000000002,0.0
2016-01-01,30.416666666666668,0.0
2016-01-02,30.816666666666666,0.0
2016-01-03,28.25714285714286,0.0
2016-01-04,30.0,0.0
2016-01-05,29.599999999999998,0.0
2016-01-06,37.300000000000004,0.0
2016-01-07,41.36666666666667,0.0
2016-01-08,45.010000000000005,0.007000000000000001
2016-01-09,31.625,0.00375
2016-01-10,5.8500000000000005,0.0
2016-01-11,25.023529411764713,0.010000000000000002
2016-01-12,6.7,0.0
2016-01-13,26.183333333333334,0.0
2016-01-14,44.06666666666666,0.0
2016-01-15,33.06666666666666,0.0
2016-01-16,21.016666666666666,0.0
2016-01-17,1.9666666666666668,0.0
2016-01-18,5.516666666666667,0.0
2016-01-19,17.400000000000002,0.0
2016-01-20,18.8,0.0
2016-01-21,24.9,0.0
2016-01-22,30.316666666666666,0.0
2016-01-23,28.183333333333334,0.0
2016-01-24,32.85,0.0
2016-01-25,40.6125,0.00625
2016-01-26,28.25,0.0
2016-01-27,33.88333333333333,0.0
2016-01-28,33.142857142857146,0.0
2016-01-29,35.38333333333333,0.0
2016-01-30,43.73333333333333,0.0
2016-01-31,37.01428571428572,0.0
2016-02-01,37.15,0.0
2016-02-02,38.52499999999999,0.012499999999999999
2016-02-03,30.816666666666666,0.0
2016-02-04,29.26666666666667,0.0
2016-02-05,29.28333333333333,0.0
2016-02-06,35.85,0.0
2016-02-07,37.483333333333334,0.0
2016-02-08,24.833333333333332,0.0
2016-02-09,16.166666666666668,0.0
2016-02-10,14.15,0.0
2016-02-11,19.333333333333332,0.0
2016-02-12,12.983333333333334,0.0
2016-02-13,14.883333333333333,0.0
2016-02-14,18.666666666666668,0.0
2016-02-15,27.5,0.0
2016-02-16,30.944444444444443,0.0011111111111111111
2016-02-17,28.599999999999998,0.0
2016-02-18,41.0,0.0
2016-02-19,49.699999999999996,0.0
2016-02-20,46.35,0.0
2016-02-21,35.614285714285714,0.0
2016-02-22,37.483333333333334,0.0
2016-02-23,38.93333333333333,0.0
2016-02-24,33.839999999999996,0.0
2016-02-25,33.4,0.0
2016-02-26,32.03333333333334,0.0
2016-02-27,47.083333333333336,0.0
2016-02-28,43.4,0.006666666666666667
2016-02-29,31.75,0.0
2016-03-01,20.96666666666667,0.0
2016-03-02,32.21666666666667,0.0
2016-03-03,31.877777777777776,0.0
2016-03-04,31.27,0.004
2016-03-05,37.0,0.0
2016-03-06,48.63333333333333,0.0
2016-03-07,60.36666666666667,0.0
2016-03-08,64.31666666666666,0.0
2016-03-09,55.98333333333334,0.0
2016-03-10,43.60000000000001,0.0
2016-03-11,40.083333333333336,0.0
2016-03-12,49.26666666666667,0.0
2016-03-13,44.5125,0.02625
2016-03-14,47.083333333333336,0.0
2016-03-15,59.49999999999999,0.01875
2016-03-16,51.03333333333333,0.0
2016-03-17,49.333333333333336,0.0
2016-03-18,38.971428571428575,0.0
2016-03-19,38.26666666666667,0.0
2016-03-20,37.78333333333334,0.0
2016-03-21,46.81666666666666,0.0
2016-03-22,60.18333333333334,0.0
2016-03-23,40.912499999999994,0.005
2016-03-24,33.55,0.0
2016-03-25,39.11666666666667,0.0
2016-03-26,45.96666666666667,0.0
2016-03-27,45.028571428571425,0.004285714285714286
2016-03-28,41.983333333333334,0.0
2016-03-29,48.96666666666667,0.0
2016-03-30,57.170000000000016,0.054000000000000006
2016-03-31,49.69090909090908,0.0018181818181818182
2016-04-01,41.18333333333333,0.005
2016-04-02,32.699999999999996,0.0
2016-04-03,60.17142857142858,0.0
2016-04-04,32.31428571428571,0.0
2016-04-05,44.06666666666666,0.0033333333333333335
2016-04-06,46.173333333333325,0.016
2016-04-07,40.81666666666667,0.0
2016-04-08,32.24166666666667,0.0016666666666666668
2016-04-09,33.85,0.0
2016-04-10,49.871428571428574,0.002857142857142857
2016-04-11,45.666666666666664,0.0
2016-04-12,39.483333333333334,0.0
2016-04-13,46.800000000000004,0.0
2016-04-14,50.800000000000004,0.0
2016-04-15,55.86666666666667,0.0
2016-04-16,59.79999999999999,0.0
2016-04-17,64.16666666666667,0.0
2016-04-18,66.3,0.0
2016-04-19,55.833333333333336,0.0
2016-04-20,62.18333333333334,0.049999999999999996
2016-04-21,58.78333333333333,0.0
2016-04-22,45.050000000000004,0.0
2016-04-23,50.0,0.0
2016-04-24,73.01666666666667,0.0
2016-04-25,77.4125,0.0025
2016-04-26,46.511111111111106,0.0
2016-04-27,47.8625,0.03125
2016-04-28,45.9875,0.0
2016-04-29,45.2375,0.0
2016-04-30,46.53999999999999,0.023
2016-05-01,46.55999999999999,0.076
2016-05-02,51.166666666666664,0.0
2016-05-03,62.51666666666667,0.0
2016-05-04,45.18333333333334,0.0
2016-05-05,52.35,0.0
2016-05-06,75.68333333333334,0.0
2016-05-07,53.98333333333333,0.0
2016-05-08,60.96666666666666,0.0
2016-05-09,52.56153846153847,0.04
2016-05-10,60.40909090909091,0.0
2016-05-11,60.800000000000004,0.0033333333333333335
2016-05-12,60.83333333333332,0.0
2016-05-13,54.43999999999999,0.10800000000000003
2016-05-14,45.98333333333333,0.0
2016-05-15,52.01666666666667,0.0
2016-05-16,61.85,0.0
2016-05-17,51.51666666666666,0.0
2016-05-18,54.550000000000004,0.0
2016-05-19,59.166666666666664,0.0
2016-05-20,60.16666666666666,0.0
2016-05-21,65.51666666666667,0.0
2016-05-22,64.01666666666667,0.0
2016-05-23,73.18333333333334,0.0
2016-05-24,81.01666666666667,0.0
2016-05-25,68.34375,0.09000000000000001
2016-05-26,80.63333333333333,0.0
2016-05-27,72.67272727272729,0.015454545454545459
2016-05-28,78.51666666666667,0.0
2016-05-29,75.2,0.0
2016-05-30,74.51666666666667,0.0
2016-05-31,67.11666666666666,0.0016666666666666668
2016-06-01,74.5,0.0
2016-06-02,71.14999999999999,0.0
2016-06-03,76.81666666666666,0.0
2016-06-04,69.89999999999999,0.0
2016-06-05,73.81666666666666,0.024999999999999998
2016-06-06,71.66666666666667,0.0
2016-06-07,59.849999999999994,0.0
2016-06-08,60.25000000000001,0.0
2016-06-09,68.78333333333332,0.0
2016-06-10,86.86666666666667,0.0
2016-06-11,86.18333333333334,0.0
2016-06-12,63.81666666666667,0.0
2016-06-13,75.14999999999999,0.0
2016-06-14,80.0,0.0
2016-06-15,86.66666666666667,0.0
2016-06-16,66.2,0.0
2016-06-17,73.86666666666667,0.0
2016-06-18,77.98333333333333,0.0
2016-06-19,85.14999999999999,0.0
2016-06-20,82.16666666666667,0.0
2016-06-21,77.98333333333333,0.0
2016-06-22,72.1375,0.14
2016-06-23,69.18333333333334,0.0
2016-06-24,74.83333333333333,0.0
2016-06-25,85.66666666666667,0.0
2016-06-26,82.31666666666666,0.0
2016-06-27,74.81666666666666,0.0
2016-06-28,65.31666666666666,0.0
2016-06-29,72.14999999999999,0.0
2016-06-30,74.16666666666667,0.0
2016-07-01,66.78333333333335,0.0
2016-07-02,70.0,0.0
2016-07-03,71.35000000000001,0.0
2016-07-04,74.31428571428572,0.0
2016-07-05,82.48333333333333,0.0
2016-07-06,80.51666666666667,0.0
2016-07-07,75.81666666666666,0.006666666666666667
2016-07-08,78.63333333333333,0.0
2016-07-09,72.66666666666667,0.0
2016-07-10,78.51666666666667,0.0
2016-07-11,84.16666666666667,0.0
2016-07-12,81.01666666666667,0.0
2016-07-13,72.90714285714287,0.052142857142857144
2016-07-14,79.66666666666667,0.0
2016-07-15,66.64285714285714,0.0
2016-07-16,71.85000000000001,0.0
2016-07-17,80.65714285714286,0.027142857142857142
2016-07-18,78.35000000000001,0.0
2016-07-19,79.5,0.0
2016-07-20,82.48333333333333,0.0
2016-07-21,80.48333333333333,0.12833333333333335
2016-07-22,86.36666666666666,0.0
2016-07-23,76.45833333333333,0.26666666666666666
2016-07-24,77.96249999999999,0.02125
2016-07-25,80.51666666666667,0.0
2016-07-26,81.14999999999999,0.0
2016-07-27,81.64999999999999,0.0
2016-07-28,74.81428571428572,0.0
2016-07-29,74.21428571428571,0.0
2016-07-30,73.12857142857142,0.0
2016-07-31,74.45,0.0
2016-08-01,76.85000000000001,0.0
2016-08-02,80.35000000000001,0.0
2016-08-03,82.16666666666667,0.0
2016-08-04,84.83333333333333,0.0
2016-08-05,79.01666666666667,0.0
2016-08-06,76.0,0.0
2016-08-07,76.48333333333333,0.0
2016-08-08,78.68333333333334,0.0
2016-08-09,82.98333333333333,0.0
2016-08-10,83.48333333333333,0.0
2016-08-11,86.85000000000001,0.0
2016-08-12,75.97692307692307,0.19923076923076918
2016-08-13,79.93333333333334,0.0
2016-08-14,79.16666666666667,0.0
2016-08-15,72.9625,0.021250000000000005
2016-08-16,79.5,0.0
2016-08-17,79.88333333333333,0.0
2016-08-18,77.31666666666666,0.0
2016-08-19,78.46666666666665,0.0
2016-08-20,70.32857142857142,0.0
2016-08-21,68.98333333333333,0.0
2016-08-22,72.98333333333333,0.0
2016-08-23,77.3,0.0
2016-08-24,80.21666666666668,0.0
2016-08-25,75.64999999999999,0.0
2016-08-26,74.10000000000001,0.0033333333333333335
2016-08-27,80.33333333333333,0.0
2016-08-28,75.45,0.0
2016-08-29,78.58333333333333,0.0
2016-08-30,76.96666666666665,0.0
2016-08-31,71.71666666666668,0.0
2016-09-01,69.48571428571428,0.0
2016-09-02,70.55,0.0
2016-09-03,70.71666666666665,0.0
2016-09-04,74.36666666666667,0.0
2016-09-05,84.0,0.0
2016-09-06,86.36666666666667,0.0
2016-09-07,81.33333333333333,0.0
2016-09-08,77.33333333333333,0.0
2016-09-09,71.71428571428571,0.002857142857142857
2016-09-10,67.01666666666667,0.0
2016-09-11,70.01666666666667,0.0
2016-09-12,73.38333333333334,0.0
2016-09-13,74.45714285714287,0.0
2016-09-14,69.55000000000001,0.0
2016-09-15,72.01666666666667,0.0
2016-09-16,76.39999999999999,0.0
2016-09-17,73.2,0.0
2016-09-18,71.7,0.0
2016-09-19,80.14999999999999,0.0
2016-09-20,74.48333333333333,0.0
2016-09-21,71.86666666666667,0.0
2016-09-22,79.86666666666666,0.0
2016-09-23,71.36666666666667,0.0
2016-09-24,71.66666666666667,0.0
2016-09-25,76.39999999999999,0.0
2016-09-26,62.666666666666664,0.0
2016-09-27,62.81666666666666,0.0
2016-09-28,57.42727272727272,0.06090909090909091
2016-09-29,63.036363636363646,0.03454545454545455
2016-09-30,63.666666666666664,0.0016666666666666668
2016-10-01,60.9909090909091,0.0018181818181818182
2016-10-02,62.74285714285715,0.0
2016-10-03,62.666666666666664,0.0
2016-10-04,68.66666666666667,0.0
2016-10-05,70.11666666666666,0.0
