2006/01/01,606
2006/01/02,589
2006/01/03,629
2006/01/04,699
2006/01/05,594
2006/01/06,599
2006/01/07,611
2006/01/08,639
2006/01/09,668
2006/01/10,626
2006/01/11,656
2006/01/12,709
2006/01/13,599
2006/01/14,560
2006/01/15,479
2006/01/16,661
2006/01/17,635
2006/01/18,634
2006/01/19,647
2006/01/20,654
2006/01/21,648
2006/01/22,632
2006/01/23,606
2006/01/24,674
2006/01/25,612
2006/01/26,565
2006/01/27,562
2006/01/28,620
2006/01/29,649
2006/01/30,658
2006/01/31,639
2006/02/01,718
2006/02/02,678
2006/02/03,618
2006/02/04,574
2006/02/05,614
2006/02/06,551
2006/02/07,658
2006/02/08,631
2006/02/09,538
2006/02/10,567
2006/02/11,516
2006/02/12,264
2006/02/13,410
2006/02/14,509
2006/02/15,579
2006/02/16,562
2006/02/17,553
2006/02/18,578
2006/02/19,529
2006/02/20,743
2006/02/21,611
2006/02/22,628
2006/02/23,578
2006/02/24,543
2006/02/25,575
2006/02/26,495
2006/02/27,511
2006/02/28,563
2006/03/01,609
2006/03/02,538
2006/03/03,479
2006/03/04,548
2006/03/05,678
2006/03/06,592
2006/03/07,596
2006/03/08,610
2006/03/09,622
2006/03/10,545
2006/03/11,667
2006/03/12,622
2006/03/13,648
2006/03/14,624
2006/03/15,567
2006/03/16,608
2006/03/17,580
2006/03/18,631
2006/03/19,587
2006/03/20,554
2006/03/21,629
2006/03/22,574
2006/03/23,609
2006/03/24,589
2006/03/25,575
2006/03/26,572
2006/03/27,628
2006/03/28,658
2006/03/29,629
2006/03/30,654
2006/03/31,605
2006/04/01,603
2006/04/02,544
2006/04/03,560
2006/04/04,641
2006/04/05,552
2006/04/06,617
2006/04/07,602
2006/04/08,583
2006/04/09,632
2006/04/10,744
2006/04/11,721
2006/04/12,742
2006/04/13,698
2006/04/14,654
2006/04/15,691
2006/04/16,551
2006/04/17,641
2006/04/18,685
2006/04/19,713
2006/04/20,660
2006/04/21,618
2006/04/22,490
2006/04/23,581
2006/04/24,665
2006/04/25,659
2006/04/26,662
2006/04/27,626
2006/04/28,595
2006/04/29,603
2006/04/30,607
2006/05/01,623
2006/05/02,721
2006/05/03,681
2006/05/04,646
2006/05/05,652
2006/05/06,593
2006/05/07,572
2006/05/08,617
2006/05/09,712
2006/05/10,674
2006/05/11,722
2006/05/12,607
2006/05/13,600
2006/05/14,534
2006/05/15,563
2006/05/16,636
2006/05/17,669
2006/05/18,642
2006/05/19,621
2006/05/20,605
2006/05/21,696
2006/05/22,733
2006/05/23,727
2006/05/24,693
2006/05/25,660
2006/05/26,621
2006/05/27,621
2006/05/28,654
2006/05/29,577
2006/05/30,680
2006/05/31,689
2006/06/01,421
2006/06/02,580
2006/06/03,587
2006/06/04,811
2006/06/05,747
2006/06/06,749
2006/06/07,679
2006/06/08,575
2006/06/09,635
2006/06/10,640
2006/06/11,611
2006/06/12,675
2006/06/13,674
2006/06/14,713
2006/06/15,692
2006/06/16,629
2006/06/17,758
2006/06/18,613
2006/06/19,657
2006/06/20,820
2006/06/21,781
2006/06/22,747
2006/06/23,622
2006/06/24,641
2006/06/25,643
2006/06/26,680
2006/06/27,774
2006/06/28,692
2006/06/29,766
2006/06/30,754
2006/07/01,585
2006/07/02,614
2006/07/03,626
2006/07/04,554
2006/07/05,720
2006/07/06,681
2006/07/07,595
2006/07/08,640
2006/07/09,605
2006/07/10,741
2006/07/11,724
2006/07/12,759
2006/07/13,782
2006/07/14,642
2006/07/15,577
2006/07/16,614
2006/07/17,677
2006/07/18,701
2006/07/19,754
2006/07/20,783
2006/07/21,698
2006/07/22,667
2006/07/23,605
2006/07/24,823
2006/07/25,845
2006/07/26,838
2006/07/27,788
2006/07/28,554
2006/07/29,660
2006/07/30,583
2006/07/31,724
2006/08/01,728
2006/08/02,734
2006/08/03,668
2006/08/04,589
2006/08/05,603
2006/08/06,667
2006/08/07,752
2006/08/08,877
2006/08/09,738
2006/08/10,729
2006/08/11,693
2006/08/12,682
2006/08/13,701
2006/08/14,691
2006/08/15,819
2006/08/16,842
2006/08/17,817
2006/08/18,727
2006/08/19,664
2006/08/20,642
2006/08/21,757
2006/08/22,756
2006/08/23,772
2006/08/24,743
2006/08/25,681
2006/08/26,588
2006/08/27,626
2006/08/28,608
2006/08/29,713
2006/08/30,620
2006/08/31,725
2006/09/01,554
2006/09/02,471
2006/09/03,738
2006/09/04,637
2006/09/05,682
2006/09/06,711
2006/09/07,679
2006/09/08,631
2006/09/09,601
2006/09/10,652
2006/09/11,614
2006/09/12,654
2006/09/13,624
2006/09/14,562
2006/09/15,604
2006/09/16,725
2006/09/17,751
2006/09/18,658
2006/09/19,729
2006/09/20,685
2006/09/21,671
2006/09/22,618
2006/09/23,611
2006/09/24,628
2006/09/25,641
2006/09/26,779
2006/09/27,728
2006/09/28,715
2006/09/29,656
2006/09/30,635
2006/10/01,682
2006/10/02,647
2006/10/03,669
2006/10/04,690
2006/10/05,666
2006/10/06,575
2006/10/07,611
2006/10/08,658
2006/10/09,687
2006/10/10,697
2006/10/11,642
2006/10/12,718
2006/10/13,594
2006/10/14,582
2006/10/15,607
2006/10/16,647
2006/10/17,681
2006/10/18,730
2006/10/19,714
2006/10/20,593
2006/10/21,672
2006/10/22,698
2006/10/23,691
2006/10/24,693
2006/10/25,713
2006/10/26,718
2006/10/27,583
2006/10/28,606
2006/10/29,681
2006/10/30,824
2006/10/31,750
2006/11/01,744
2006/11/02,693
2006/11/03,572
2006/11/04,591
2006/11/05,572
2006/11/06,700
2006/11/07,715
2006/11/08,596
2006/11/09,660
2006/11/10,631
2006/11/11,650
2006/11/12,684
2006/11/13,573
2006/11/14,675
2006/11/15,751
2006/11/16,704
2006/11/17,671
2006/11/18,641
2006/11/19,590
2006/11/20,642
2006/11/21,576
2006/11/22,561
2006/11/23,370
2006/11/24,615
2006/11/25,659
2006/11/26,711
2006/11/27,666
2006/11/28,667
2006/11/29,683
2006/11/30,709
2006/12/01,644
2006/12/02,652
2006/12/03,694
2006/12/04,597
2006/12/05,599
2006/12/06,646
2006/12/07,636
2006/12/08,519
2006/12/09,543
2006/12/10,576
2006/12/11,658
2006/12/12,738
2006/12/13,693
2006/12/14,648
2006/12/15,662
2006/12/16,658
2006/12/17,573
2006/12/18,689
2006/12/19,634
2006/12/20,675
2006/12/21,584
2006/12/22,524
2006/12/23,509
2006/12/24,478
2006/12/25,247
2006/12/26,622
2006/12/27,672
2006/12/28,696
2006/12/29,646
2006/12/30,567
2006/12/31,503
2007/01/01,512
2007/01/02,675
2007/01/03,609
2007/01/04,645
2007/01/05,612
2007/01/06,637
2007/01/07,549
2007/01/08,574
2007/01/09,651
2007/01/10,655
2007/01/11,656
2007/01/12,629
2007/01/13,577
2007/01/14,595
2007/01/15,624
2007/01/16,665
2007/01/17,576
2007/01/18,514
2007/01/19,607
2007/01/20,553
2007/01/21,505
2007/01/22,546
2007/01/23,636
2007/01/24,657
2007/01/25,561
2007/01/26,525
2007/01/27,497
2007/01/28,548
2007/01/29,527
2007/01/30,574
2007/01/31,544
2007/02/01,593
2007/02/02,522
2007/02/03,511
2007/02/04,533
2007/02/05,502
2007/02/06,543
2007/02/07,509
2007/02/08,562
2007/02/09,549
2007/02/10,559
2007/02/11,484
2007/02/12,543
2007/02/13,462
2007/02/14,317
2007/02/15,378
2007/02/16,436
2007/02/17,444
2007/02/18,480
2007/02/19,519
2007/02/20,509
2007/02/21,634
2007/02/22,570
2007/02/23,523
2007/02/24,485
2007/02/25,559
2007/02/26,516
2007/02/27,633
2007/02/28,597
2007/03/01,576
2007/03/02,582
2007/03/03,612
2007/03/04,617
2007/03/05,603
2007/03/06,545
2007/03/07,504
2007/03/08,548
2007/03/09,547
2007/03/10,647
2007/03/11,536
2007/03/12,644
2007/03/13,734
2007/03/14,683
2007/03/15,650
2007/03/16,381
2007/03/17,346
2007/03/18,485
2007/03/19,529
2007/03/20,669
2007/03/21,665
2007/03/22,674
2007/03/23,633
2007/03/24,627
2007/03/25,618
2007/03/26,656
2007/03/27,738
2007/03/28,677
2007/03/29,659
2007/03/30,659
2007/03/31,622
2007/04/01,663
2007/04/02,676
2007/04/03,705
2007/04/04,693
2007/04/05,664
2007/04/06,604
2007/04/07,647
2007/04/08,460
2007/04/09,591
2007/04/10,633
2007/04/11,631
2007/04/12,651
2007/04/13,606
2007/04/14,610
2007/04/15,445
2007/04/16,530
2007/04/17,627
2007/04/18,744
2007/04/19,696
2007/04/20,576
2007/04/21,629
2007/04/22,673
2007/04/23,639
2007/04/24,721
2007/04/25,701
2007/04/26,623
2007/04/27,587
2007/04/28,634
2007/04/29,718
2007/04/30,700
2007/05/01,694
2007/05/02,696
2007/05/03,665
2007/05/04,644
2007/05/05,586
2007/05/06,592
2007/05/07,622
2007/05/08,710
2007/05/09,698
2007/05/10,707
2007/05/11,733
2007/05/12,662
2007/05/13,554
2007/05/14,777
2007/05/15,659
2007/05/16,551
2007/05/17,703
2007/05/18,678
2007/05/19,596
2007/05/20,533
2007/05/21,692
2007/05/22,723
2007/05/23,732
2007/05/24,731
2007/05/25,652
2007/05/26,630
2007/05/27,522
2007/05/28,517
2007/05/29,708
2007/05/30,716
2007/05/31,702
2007/06/01,594
2007/06/02,675
2007/06/03,603
2007/06/04,612
2007/06/05,723
2007/06/06,678
2007/06/07,635
2007/06/08,601
2007/06/09,621
2007/06/10,577
2007/06/11,612
2007/06/12,675
2007/06/13,732
2007/06/14,675
2007/06/15,611
2007/06/16,627
2007/06/17,537
2007/06/18,617
2007/06/19,679
2007/06/20,651
2007/06/21,678
2007/06/22,623
2007/06/23,584
2007/06/24,586
2007/06/25,683
2007/06/26,701
2007/06/27,638
2007/06/28,583
2007/06/29,692
2007/06/30,640
2007/07/01,627
2007/07/02,663
2007/07/03,716
2007/07/04,510
2007/07/05,676
2007/07/06,567
2007/07/07,642
2007/07/08,598
2007/07/09,630
2007/07/10,757
2007/07/11,756
2007/07/12,782
2007/07/13,650
2007/07/14,569
2007/07/15,603
2007/07/16,639
2007/07/17,715
2007/07/18,698
2007/07/19,708
2007/07/20,619
2007/07/21,628
2007/07/22,554
2007/07/23,666
2007/07/24,718
2007/07/25,757
2007/07/26,695
2007/07/27,632
2007/07/28,608
2007/07/29,546
2007/07/30,618
2007/07/31,766
2007/08/01,736
2007/08/02,669
2007/08/03,631
2007/08/04,584
2007/08/05,576
2007/08/06,592
2007/08/07,751
2007/08/08,700
2007/08/09,599
2007/08/10,611
2007/08/11,663
2007/08/12,593
2007/08/13,653
2007/08/14,722
2007/08/15,737
2007/08/16,723
2007/08/17,626
2007/08/18,584
2007/08/19,556
2007/08/20,629
2007/08/21,619
2007/08/22,683
2007/08/23,776
2007/08/24,664
2007/08/25,573
2007/08/26,596
2007/08/27,647
2007/08/28,758
2007/08/29,712
2007/08/30,644
2007/08/31,632
2007/09/01,620
2007/09/02,631
2007/09/03,523
2007/09/04,648
2007/09/05,734
2007/09/06,658
2007/09/07,614
2007/09/08,622
2007/09/09,609
2007/09/10,580
2007/09/11,652
2007/09/12,688
2007/09/13,681
2007/09/14,620
2007/09/15,656
2007/09/16,583
2007/09/17,570
2007/09/18,630
2007/09/19,682
2007/09/20,689
2007/09/21,617
2007/09/22,625
2007/09/23,602
2007/09/24,604
2007/09/25,720
2007/09/26,697
2007/09/27,668
2007/09/28,657
2007/09/29,581
2007/09/30,585
2007/10/01,646
2007/10/02,643
2007/10/03,713
2007/10/04,624
2007/10/05,633
2007/10/06,632
2007/10/07,622
2007/10/08,687
2007/10/09,653
2007/10/10,647
2007/10/11,674
2007/10/12,549
2007/10/13,564
2007/10/14,531
2007/10/15,583
2007/10/16,692
2007/10/17,683
2007/10/18,600
2007/10/19,571
2007/10/20,652
2007/10/21,630
2007/10/22,692
2007/10/23,657
2007/10/24,662
2007/10/25,625
2007/10/26,552
2007/10/27,550
2007/10/28,524
2007/10/29,602
2007/10/30,611
2007/10/31,599
2007/11/01,616
2007/11/02,540
2007/11/03,519
2007/11/04,516
2007/11/05,629
2007/11/06,615
2007/11/07,485
2007/11/08,576
2007/11/09,549
2007/11/10,577
2007/11/11,529
2007/11/12,611
2007/11/13,588
2007/11/14,653
2007/11/15,610
2007/11/16,551
2007/11/17,647
2007/11/18,553
2007/11/19,570
2007/11/20,640
2007/11/21,673
2007/11/22,390
2007/11/23,470
2007/11/24,539
2007/11/25,555
2007/11/26,587
2007/11/27,692
2007/11/28,644
2007/11/29,627
2007/11/30,641
2007/12/01,584
2007/12/02,546
2007/12/03,587
2007/12/04,604
2007/12/05,624
2007/12/06,559
2007/12/07,542
2007/12/08,552
2007/12/09,575
2007/12/10,662
2007/12/11,672
2007/12/12,635
2007/12/13,577
2007/12/14,595
2007/12/15,648
2007/12/16,436
2007/12/17,604
2007/12/18,600
2007/12/19,611
2007/12/20,617
2007/12/21,530
2007/12/22,520
2007/12/23,467
2007/12/24,499
2007/12/25,260
2007/12/26,576
2007/12/27,710
2007/12/28,649
2007/12/29,546
2007/12/30,549
2007/12/31,495
2008/01/01,516
2008/01/02,600
2008/01/03,500
2008/01/04,577
2008/01/05,556
2008/01/06,563
2008/01/07,630
2008/01/08,713
2008/01/09,660
2008/01/10,665
2008/01/11,620
2008/01/12,641
2008/01/13,519
2008/01/14,603
2008/01/15,655
2008/01/16,597
2008/01/17,552
2008/01/18,558
2008/01/19,598
2008/01/20,442
2008/01/21,471
2008/01/22,592
2008/01/23,610
2008/01/24,606
2008/01/25,583
2008/01/26,536
2008/01/27,549
2008/01/28,577
2008/01/29,609
2008/01/30,575
2008/01/31,526
2008/02/01,520
2008/02/02,571
2008/02/03,498
2008/02/04,599
2008/02/05,649
2008/02/06,677
2008/02/07,588
2008/02/08,600
2008/02/09,611
2008/02/10,503
2008/02/11,522
2008/02/12,427
2008/02/13,475
2008/02/14,564
2008/02/15,514
2008/02/16,568
2008/02/17,585
2008/02/18,660
2008/02/19,618
2008/02/20,571
2008/02/21,552
2008/02/22,438
2008/02/23,521
2008/02/24,580
2008/02/25,616
2008/02/26,624
2008/02/27,653
2008/02/28,554
2008/02/29,566
2008/03/01,598
2008/03/02,624
2008/03/03,605
2008/03/04,659
2008/03/05,676
2008/03/06,635
2008/03/07,565
2008/03/08,547
2008/03/09,544
2008/03/10,676
2008/03/11,711
2008/03/12,661
2008/03/13,591
2008/03/14,639
2008/03/15,736
2008/03/16,644
2008/03/17,630
2008/03/18,644
2008/03/19,601
2008/03/20,699
2008/03/21,580
2008/03/22,558
2008/03/23,472
2008/03/24,652
2008/03/25,654
2008/03/26,729
2008/03/27,623
2008/03/28,632
2008/03/29,522
2008/03/30,584
2008/03/31,571
2008/04/01,621
2008/04/02,665
2008/04/03,585
2008/04/04,626
2008/04/05,700
2008/04/06,595
2008/04/07,635
2008/04/08,671
2008/04/09,752
2008/04/10,732
2008/04/11,651
2008/04/12,641
2008/04/13,622
2008/04/14,624
2008/04/15,723
2008/04/16,652
2008/04/17,593
2008/04/18,643
2008/04/19,702
2008/04/20,663
2008/04/21,675
2008/04/22,580
2008/04/23,775
2008/04/24,644
2008/04/25,662
2008/04/26,644
2008/04/27,580
2008/04/28,575
2008/04/29,698
2008/04/30,653
2008/05/01,632
2008/05/02,583
2008/05/03,524
2008/05/04,529
2008/05/05,647
2008/05/06,617
2008/05/07,696
2008/05/08,614
2008/05/09,497
2008/05/10,539
2008/05/11,526
2008/05/12,495
2008/05/13,590
2008/05/14,599
2008/05/15,635
2008/05/16,513
2008/05/17,570
2008/05/18,669
2008/05/19,660
2008/05/20,607
2008/05/21,668
2008/05/22,637
2008/05/23,630
2008/05/24,647
2008/05/25,581
2008/05/26,557
2008/05/27,716
2008/05/28,685
2008/05/29,658
2008/05/30,660
2008/05/31,605
2008/06/01,786
2008/06/02,675
2008/06/03,646
2008/06/04,621
2008/06/05,649
2008/06/06,694
2008/06/07,634
2008/06/08,528
2008/06/09,604
2008/06/10,626
2008/06/11,718
2008/06/12,685
2008/06/13,654
2008/06/14,721
2008/06/15,609
2008/06/16,622
2008/06/17,716
2008/06/18,714
2008/06/19,778
2008/06/20,715
2008/06/21,707
2008/06/22,592
2008/06/23,651
2008/06/24,675
2008/06/25,716
2008/06/26,719
2008/06/27,689
2008/06/28,660
2008/06/29,627
2008/06/30,700
2008/07/01,677
2008/07/02,719
2008/07/03,701
2008/07/04,572
2008/07/05,632
2008/07/06,575
2008/07/07,633
2008/07/08,789
2008/07/09,784
2008/07/10,742
2008/07/11,614
2008/07/12,652
2008/07/13,574
2008/07/14,640
2008/07/15,704
2008/07/16,732
2008/07/17,685
2008/07/18,635
2008/07/19,674
2008/07/20,562
2008/07/21,705
2008/07/22,709
2008/07/23,619
2008/07/24,706
2008/07/25,638
2008/07/26,606
2008/07/27,580
2008/07/28,638
2008/07/29,755
2008/07/30,793
2008/07/31,678
2008/08/01,671
2008/08/02,651
2008/08/03,594
2008/08/04,705
2008/08/05,850
2008/08/06,763
2008/08/07,728
2008/08/08,656
2008/08/09,611
2008/08/10,483
2008/08/11,641
2008/08/12,725
2008/08/13,791
2008/08/14,677
2008/08/15,615
2008/08/16,641
2008/08/17,583
2008/08/18,766
2008/08/19,823
2008/08/20,782
2008/08/21,712
2008/08/22,648
2008/08/23,638
2008/08/24,546
2008/08/25,653
2008/08/26,743
2008/08/27,737
2008/08/28,731
2008/08/29,655
2008/08/30,569
2008/08/31,587
2008/09/01,549
2008/09/02,719
2008/09/03,720
2008/09/04,608
2008/09/05,575
2008/09/06,562
2008/09/07,490
2008/09/08,585
2008/09/09,639
2008/09/10,649
2008/09/11,596
2008/09/12,573
2008/09/13,606
2008/09/14,637
2008/09/15,610
2008/09/16,660
2008/09/17,607
2008/09/18,671
2008/09/19,630
2008/09/20,581
2008/09/21,602
2008/09/22,606
2008/09/23,625
2008/09/24,609
2008/09/25,561
2008/09/26,597
2008/09/27,590
2008/09/28,557
2008/09/29,559
2008/09/30,566
2008/10/01,619
2008/10/02,619
2008/10/03,629
2008/10/04,571
2008/10/05,549
2008/10/06,527
2008/10/07,634
2008/10/08,672
2008/10/09,662
2008/10/10,540
2008/10/11,599
2008/10/12,527
2008/10/13,611
2008/10/14,722
2008/10/15,632
2008/10/16,692
2008/10/17,628
2008/10/18,555
2008/10/19,537
2008/10/20,530
2008/10/21,577
2008/10/22,573
2008/10/23,607
2008/10/24,576
2008/10/25,552
2008/10/26,517
2008/10/27,525
2008/10/28,499
2008/10/29,492
2008/10/30,793
2008/10/31,585
2008/11/01,547
2008/11/02,529
2008/11/03,613
2008/11/04,612
2008/11/05,619
2008/11/06,564
2008/11/07,601
2008/11/08,552
2008/11/09,523
2008/11/10,630
2008/11/11,632
2008/11/12,597
2008/11/13,571
2008/11/14,548
2008/11/15,588
2008/11/16,540
2008/11/17,548
2008/11/18,499
2008/11/19,557
2008/11/20,411
2008/11/21,638
2008/11/22,528
2008/11/23,457
2008/11/24,526
2008/11/25,541
2008/11/26,583
2008/11/27,339
2008/11/28,539
2008/11/29,555
2008/11/30,560
2008/12/01,564
2008/12/02,575
2008/12/03,615
2008/12/04,553
2008/12/05,578
2008/12/06,536
2008/12/07,513
2008/12/08,533
2008/12/09,638
2008/12/10,629
2008/12/11,501
2008/12/12,571
2008/12/13,642
2008/12/14,500
2008/12/15,566
2008/12/16,650
2008/12/17,634
2008/12/18,550
2008/12/19,546
2008/12/20,544
2008/12/21,415
2008/12/22,450
2008/12/23,529
2008/12/24,362
2008/12/25,279
2008/12/26,563
2008/12/27,564
2008/12/28,513
2008/12/29,603
2008/12/30,638
2008/12/31,462
2009/01/01,506
2009/01/02,527
2009/01/03,496
2009/01/04,486
2009/01/05,503
2009/01/06,523
2009/01/07,540
2009/01/08,576
2009/01/09,572
2009/01/10,510
2009/01/11,410
2009/01/12,459
2009/01/13,601
2009/01/14,600
2009/01/15,533
2009/01/16,431
2009/01/17,513
2009/01/18,426
2009/01/19,438
2009/01/20,540
2009/01/21,533
2009/01/22,527
2009/01/23,589
2009/01/24,529
2009/01/25,479
2009/01/26,445
2009/01/27,547
2009/01/28,395
2009/01/29,498
2009/01/30,493
2009/01/31,440
2009/02/01,467
2009/02/02,504
2009/02/03,529
2009/02/04,430
2009/02/05,452
2009/02/06,446
2009/02/07,498
2009/02/08,544
2009/02/09,529
2009/02/10,601
2009/02/11,597
2009/02/12,548
2009/02/13,500
2009/02/14,481
2009/02/15,555
2009/02/16,521
2009/02/17,547
2009/02/18,475
2009/02/19,544
2009/02/20,450
2009/02/21,536
2009/02/22,522
2009/02/23,476
2009/02/24,543
2009/02/25,548
2009/02/26,549
2009/02/27,507
2009/02/28,574
2009/03/01,549
2009/03/02,278
2009/03/03,446
2009/03/04,473
2009/03/05,534
2009/03/06,550
2009/03/07,656
2009/03/08,605
2009/03/09,509
2009/03/10,583
2009/03/11,616
2009/03/12,567
2009/03/13,521
2009/03/14,701
2009/03/15,635
2009/03/16,477
2009/03/17,570
2009/03/18,638
2009/03/19,580
2009/03/20,597
2009/03/21,612
2009/03/22,553
2009/03/23,540
2009/03/24,545
2009/03/25,599
2009/03/26,546
2009/03/27,644
2009/03/28,636
2009/03/29,556
2009/03/30,542
2009/03/31,612
2009/04/01,577
2009/04/02,650
2009/04/03,603
2009/04/04,675
2009/04/05,624
2009/04/06,586
2009/04/07,703
2009/04/08,610
2009/04/09,790
2009/04/10,659
2009/04/11,578
2009/04/12,446
2009/04/13,527
2009/04/14,505
2009/04/15,493
2009/04/16,612
2009/04/17,621
2009/04/18,648
2009/04/19,558
2009/04/20,465
2009/04/21,607
2009/04/22,690
2009/04/23,591
2009/04/24,570
2009/04/25,620
2009/04/26,598
2009/04/27,527
2009/04/28,548
2009/04/29,618
2009/04/30,568
2009/05/01,593
2009/05/02,606
2009/05/03,503
2009/05/04,517
2009/05/05,600
2009/05/06,600
2009/05/07,633
2009/05/08,552
2009/05/09,627
2009/05/10,557
2009/05/11,550
2009/05/12,648
2009/05/13,618
2009/05/14,554
2009/05/15,563
2009/05/16,687
2009/05/17,510
2009/05/18,616
2009/05/19,597
2009/05/20,653
2009/05/21,619
2009/05/22,616
2009/05/23,632
2009/05/24,557
2009/05/25,530
2009/05/26,628
2009/05/27,601
2009/05/28,672
2009/05/29,611
2009/05/30,632
2009/05/31,602
2009/06/01,535
2009/06/02,631
2009/06/03,647
2009/06/04,608
2009/06/05,496
2009/06/06,549
2009/06/07,660
2009/06/08,593
2009/06/09,666
2009/06/10,653
2009/06/11,595
2009/06/12,589
2009/06/13,688
2009/06/14,549
2009/06/15,660
2009/06/16,666
2009/06/17,584
2009/06/18,549
2009/06/19,607
2009/06/20,520
2009/06/21,577
2009/06/22,636
2009/06/23,731
2009/06/24,694
2009/06/25,671
2009/06/26,621
2009/06/27,562
2009/06/28,587
2009/06/29,598
2009/06/30,672
2009/07/01,615
2009/07/02,583
2009/07/03,565
2009/07/04,546
2009/07/05,518
2009/07/06,586
2009/07/07,659
2009/07/08,692
2009/07/09,749
2009/07/10,577
2009/07/11,566
2009/07/12,487
2009/07/13,597
2009/07/14,640
2009/07/15,646
2009/07/16,592
2009/07/17,600
2009/07/18,599
2009/07/19,593
2009/07/20,591
2009/07/21,668
2009/07/22,713
2009/07/23,675
2009/07/24,581
2009/07/25,593
2009/07/26,541
2009/07/27,616
2009/07/28,624
2009/07/29,619
2009/07/30,611
2009/07/31,595
2009/08/01,613
2009/08/02,504
2009/08/03,576
2009/08/04,783
2009/08/05,725
2009/08/06,658
2009/08/07,620
2009/08/08,575
2009/08/09,509
2009/08/10,569
2009/08/11,650
2009/08/12,653
2009/08/13,627
2009/08/14,615
2009/08/15,620
2009/08/16,595
2009/08/17,629
2009/08/18,647
2009/08/19,616
2009/08/20,634
2009/08/21,600
2009/08/22,522
2009/08/23,530
2009/08/24,548
2009/08/25,672
2009/08/26,660
2009/08/27,680
2009/08/28,585
2009/08/29,609
2009/08/30,529
2009/08/31,623
2009/09/01,647
2009/09/02,668
2009/09/03,688
2009/09/04,619
2009/09/05,549
2009/09/06,522
2009/09/07,492
2009/09/08,654
2009/09/09,539
2009/09/10,530
2009/09/11,426
2009/09/12,577
2009/09/13,518
2009/09/14,555
2009/09/15,582
2009/09/16,547
2009/09/17,569
2009/09/18,578
2009/09/19,576
2009/09/20,528
2009/09/21,514
2009/09/22,689
2009/09/23,569
2009/09/24,566
2009/09/25,642
2009/09/26,519
2009/09/27,442
2009/09/28,556
2009/09/29,596
2009/09/30,568
2009/10/01,599
2009/10/02,566
2009/10/03,572
2009/10/04,509
2009/10/05,563
2009/10/06,625
2009/10/07,584
2009/10/08,628
2009/10/09,574
2009/10/10,584
2009/10/11,543
2009/10/12,493
2009/10/13,563
2009/10/14,533
2009/10/15,421
2009/10/16,487
2009/10/17,475
2009/10/18,421
2009/10/19,536
2009/10/20,577
2009/10/21,563
2009/10/22,628
2009/10/23,621
2009/10/24,512
2009/10/25,522
2009/10/26,568
2009/10/27,547
2009/10/28,498
2009/10/29,588
2009/10/30,598
2009/10/31,560
2009/11/01,489
2009/11/02,552
2009/11/03,515
2009/11/04,496
2009/11/05,544
2009/11/06,489
2009/11/07,518
2009/11/08,504
2009/11/09,504
2009/11/10,684
2009/11/11,556
2009/11/12,530
2009/11/13,538
2009/11/14,597
2009/11/15,561
2009/11/16,604
2009/11/17,631
2009/11/18,631
2009/11/19,606
2009/11/20,587
2009/11/21,487
2009/11/22,453
2009/11/23,476
2009/11/24,558
2009/11/25,544
2009/11/26,318
2009/11/27,474
2009/11/28,529
2009/11/29,554
2009/11/30,524
2009/12/01,556
2009/12/02,521
2009/12/03,545
2009/12/04,575
2009/12/05,541
2009/12/06,406
2009/12/07,538
2009/12/08,552
2009/12/09,571
2009/12/10,570
2009/12/11,497
2009/12/12,534
2009/12/13,431
2009/12/14,530
2009/12/15,584
2009/12/16,599
2009/12/17,517
2009/12/18,509
2009/12/19,292
2009/12/20,226
2009/12/21,344
2009/12/22,431
2009/12/23,449
2009/12/24,392
2009/12/25,203
2009/12/26,368
2009/12/27,473
2009/12/28,566
2009/12/29,514
2009/12/30,491
2009/12/31,417
2010/01/01,534
2010/01/02,429
2010/01/03,374
2010/01/04,413
2010/01/05,512
2010/01/06,483
2010/01/07,572
2010/01/08,461
2010/01/09,444
2010/01/10,364
2010/01/11,475
2010/01/12,515
2010/01/13,522
2010/01/14,538
2010/01/15,528
2010/01/16,551
2010/01/17,496
2010/01/18,522
2010/01/19,561
2010/01/20,588
2010/01/21,517
2010/01/22,539
2010/01/23,505
2010/01/24,461
2010/01/25,497
2010/01/26,583
2010/01/27,547
2010/01/28,519
2010/01/29,450
2010/01/30,486
2010/01/31,418
2010/02/01,499
2010/02/02,572
2010/02/03,562
2010/02/04,507
2010/02/05,506
2010/02/06,212
2010/02/07,256
2010/02/08,393
2010/02/09,412
2010/02/10,147
2010/02/11,263
2010/02/12,321
2010/02/13,359
2010/02/14,375
2010/02/15,490
2010/02/16,436
2010/02/17,468
2010/02/18,520
2010/02/19,496
2010/02/20,555
2010/02/21,497
2010/02/22,523
2010/02/23,438
2010/02/24,552
2010/02/25,407
2010/02/26,367
2010/02/27,469
2010/02/28,480
2010/03/01,489
2010/03/02,554
2010/03/03,536
2010/03/04,584
2010/03/05,463
2010/03/06,518
2010/03/07,479
2010/03/08,502
2010/03/09,556
2010/03/10,658
2010/03/11,658
2010/03/12,469
2010/03/13,416
2010/03/14,423
2010/03/15,501
2010/03/16,554
2010/03/17,537
2010/03/18,591
2010/03/19,550
2010/03/20,556
2010/03/21,562
2010/03/22,487
2010/03/23,504
2010/03/24,640
2010/03/25,591
2010/03/26,559
2010/03/27,488
2010/03/28,443
2010/03/29,481
2010/03/30,542
2010/03/31,662
2010/04/01,684
2010/04/02,580
2010/04/03,526
2010/04/04,453
2010/04/05,537
2010/04/06,563
2010/04/07,624
2010/04/08,628
2010/04/09,545
2010/04/10,525
2010/04/11,486
2010/04/12,514
2010/04/13,589
2010/04/14,580
2010/04/15,644
2010/04/16,605
2010/04/17,568
2010/04/18,509
2010/04/19,550
2010/04/20,631
2010/04/21,631
2010/04/22,558
2010/04/23,505
2010/04/24,545
2010/04/25,423
2010/04/26,526
2010/04/27,593
2010/04/28,615
2010/04/29,668
2010/04/30,557
2010/05/01,727
2010/05/02,493
2010/05/03,534
2010/05/04,727
2010/05/05,660
2010/05/06,663
2010/05/07,643
2010/05/08,565
2010/05/09,495
2010/05/10,544
2010/05/11,592
2010/05/12,547
2010/05/13,651
2010/05/14,608
2010/05/15,589
2010/05/16,567
2010/05/17,623
2010/05/18,545
2010/05/19,673
2010/05/20,570
2010/05/21,624
2010/05/22,611
2010/05/23,478
2010/05/24,534
2010/05/25,612
2010/05/26,651
2010/05/27,633
2010/05/28,602
2010/05/29,543
2010/05/30,572
2010/05/31,478
2010/06/01,627
2010/06/02,646
2010/06/03,620
2010/06/04,574
2010/06/05,567
2010/06/06,505
2010/06/07,567
2010/06/08,672
2010/06/09,597
2010/06/10,640
2010/06/11,646
2010/06/12,595
2010/06/13,490
2010/06/14,586
2010/06/15,628
2010/06/16,619
2010/06/17,651
2010/06/18,577
2010/06/19,555
2010/06/20,510
2010/06/21,562
2010/06/22,682
2010/06/23,702
2010/06/24,632
2010/06/25,650
2010/06/26,551
2010/06/27,551
2010/06/28,538
2010/06/29,723
2010/06/30,646
2010/07/01,659
2010/07/02,580
2010/07/03,630
2010/07/04,487
2010/07/05,489
2010/07/06,621
2010/07/07,634
2010/07/08,725
2010/07/09,556
2010/07/10,522
2010/07/11,539
2010/07/12,610
2010/07/13,603
2010/07/14,620
2010/07/15,655
2010/07/16,549
2010/07/17,570
2010/07/18,521
2010/07/19,584
2010/07/20,681
2010/07/21,701
2010/07/22,612
2010/07/23,663
2010/07/24,585
2010/07/25,486
2010/07/26,617
2010/07/27,751
2010/07/28,677
2010/07/29,644
2010/07/30,581
2010/07/31,564
2010/08/01,552
2010/08/02,574
2010/08/03,754
2010/08/04,758
2010/08/05,725
2010/08/06,591
2010/08/07,630
2010/08/08,569
2010/08/09,573
2010/08/10,653
2010/08/11,649
2010/08/12,609
2010/08/13,602
2010/08/14,553
2010/08/15,531
2010/08/16,639
2010/08/17,693
2010/08/18,661
2010/08/19,686
2010/08/20,637
2010/08/21,580
2010/08/22,502
2010/08/23,592
2010/08/24,652
2010/08/25,616
2010/08/26,611
2010/08/27,560
2010/08/28,602
2010/08/29,608
2010/08/30,598
2010/08/31,633
2010/09/01,636
2010/09/02,693
2010/09/03,618
2010/09/04,583
2010/09/05,429
2010/09/06,454
2010/09/07,587
2010/09/08,629
2010/09/09,554
2010/09/10,591
2010/09/11,657
2010/09/12,453
2010/09/13,509
2010/09/14,604
2010/09/15,608
2010/09/16,536
2010/09/17,603
2010/09/18,552
2010/09/19,500
2010/09/20,540
2010/09/21,549
2010/09/22,569
2010/09/23,525
2010/09/24,587
2010/09/25,522
2010/09/26,487
2010/09/27,580
2010/09/28,616
2010/09/29,636
2010/09/30,539
2010/10/01,526
2010/10/02,533
2010/10/03,496
2010/10/04,426
2010/10/05,489
2010/10/06,540
2010/10/07,575
2010/10/08,573
2010/10/09,547
2010/10/10,497
2010/10/11,524
2010/10/12,681
2010/10/13,583
2010/10/14,456
2010/10/15,522
2010/10/16,506
2010/10/17,498
2010/10/18,519
2010/10/19,568
2010/10/20,612
2010/10/21,565
2010/10/22,552
2010/10/23,611
2010/10/24,516
2010/10/25,569
2010/10/26,658
2010/10/27,616
2010/10/28,649
2010/10/29,548
2010/10/30,619
2010/10/31,533
2010/11/01,498
2010/11/02,527
2010/11/03,572
2010/11/04,444
2010/11/05,557
2010/11/06,541
2010/11/07,454
2010/11/08,489
2010/11/09,564
2010/11/10,660
2010/11/11,590
2010/11/12,598
2010/11/13,542
2010/11/14,498
2010/11/15,557
2010/11/16,499
2010/11/17,615
2010/11/18,633
2010/11/19,595
2010/11/20,592
2010/11/21,489
2010/11/22,541
2010/11/23,591
2010/11/24,594
2010/11/25,310
2010/11/26,467
2010/11/27,492
2010/11/28,452
2010/11/29,529
2010/11/30,605
2010/12/01,572
2010/12/02,532
2010/12/03,544
2010/12/04,522
2010/12/05,394
2010/12/06,476
2010/12/07,553
2010/12/08,522
2010/12/09,508
2010/12/10,520
2010/12/11,548
2010/12/12,386
2010/12/13,467
2010/12/14,476
2010/12/15,463
2010/12/16,371
2010/12/17,437
2010/12/18,456
2010/12/19,372
2010/12/20,461
2010/12/21,480
2010/12/22,521
2010/12/23,484
2010/12/24,386
2010/12/25,216
2010/12/26,240
2010/12/27,202
2010/12/28,363
2010/12/29,494
2010/12/30,484
2010/12/31,444
2011/01/01,469
2011/01/02,442
2011/01/03,515
2011/01/04,537
2011/01/05,579
2011/01/06,549
2011/01/07,492
2011/01/08,368
2011/01/09,312
2011/01/10,440
2011/01/11,471
2011/01/12,403
2011/01/13,469
2011/01/14,515
2011/01/15,460
2011/01/16,380
2011/01/17,413
2011/01/18,436
2011/01/19,580
2011/01/20,572
2011/01/21,477
2011/01/22,398
2011/01/23,367
2011/01/24,435
2011/01/25,569
2011/01/26,352
2011/01/27,224
2011/01/28,298
2011/01/29,405
2011/01/30,338
2011/01/31,459
2011/02/01,492
2011/02/02,435
2011/02/03,489
2011/02/04,456
2011/02/05,464
2011/02/06,388
2011/02/07,460
2011/02/08,466
2011/02/09,541
2011/02/10,465
2011/02/11,474
2011/02/12,555
2011/02/13,473
2011/02/14,451
2011/02/15,523
2011/02/16,545
2011/02/17,574
2011/02/18,560
2011/02/19,488
2011/02/20,448
2011/02/21,445
2011/02/22,506
2011/02/23,499
2011/02/24,521
2011/02/25,505
2011/02/26,570
2011/02/27,503
2011/02/28,524
2011/03/01,542
2011/03/02,541
2011/03/03,555
2011/03/04,553
2011/03/05,577
2011/03/06,481
2011/03/07,466
2011/03/08,582
2011/03/09,539
2011/03/10,497
2011/03/11,567
2011/03/12,624
2011/03/13,428
2011/03/14,510
2011/03/15,591
2011/03/16,564
2011/03/17,559
2011/03/18,636
2011/03/19,546
2011/03/20,451
2011/03/21,490
2011/03/22,636
2011/03/23,526
2011/03/24,587
2011/03/25,586
2011/03/26,495
2011/03/27,400
2011/03/28,476
2011/03/29,589
2011/03/30,560
2011/03/31,540
2011/04/01,506
2011/04/02,528
2011/04/03,475
2011/04/04,534
2011/04/05,529
2011/04/06,619
2011/04/07,662
2011/04/08,535
2011/04/09,554
2011/04/10,523
2011/04/11,506
2011/04/12,592
2011/04/13,648
2011/04/14,577
2011/04/15,611
2011/04/16,504
2011/04/17,468
2011/04/18,617
2011/04/19,714
2011/04/20,677
2011/04/21,617
2011/04/22,608
2011/04/23,504
2011/04/24,411
2011/04/25,514
2011/04/26,611
2011/04/27,632
2011/04/28,582
2011/04/29,540
2011/04/30,516
2011/05/01,492
2011/05/02,560
2011/05/03,740
2011/05/04,520
2011/05/05,566
2011/05/06,576
2011/05/07,565
2011/05/08,421
2011/05/09,532
2011/05/10,579
2011/05/11,675
2011/05/12,578
2011/05/13,608
2011/05/14,533
2011/05/15,460
2011/05/16,594
2011/05/17,523
2011/05/18,606
2011/05/19,518
2011/05/20,573
2011/05/21,565
2011/05/22,502
2011/05/23,513
2011/05/24,605
2011/05/25,641
2011/05/26,614
2011/05/27,598
2011/05/28,581
2011/05/29,515
2011/05/30,481
2011/05/31,593
2011/06/01,616
2011/06/02,628
2011/06/03,619
2011/06/04,568
2011/06/05,470
2011/06/06,532
2011/06/07,604
2011/06/08,591
2011/06/09,577
2011/06/10,590
2011/06/11,580
2011/06/12,452
2011/06/13,601
2011/06/14,637
2011/06/15,619
2011/06/16,592
2011/06/17,551
2011/06/18,598
2011/06/19,522
2011/06/20,551
2011/06/21,689
2011/06/22,628
2011/06/23,667
2011/06/24,682
2011/06/25,608
2011/06/26,505
2011/06/27,565
2011/06/28,689
2011/06/29,733
2011/06/30,636
2011/07/01,589
2011/07/02,598
2011/07/03,491
2011/07/04,449
2011/07/05,650
2011/07/06,632
2011/07/07,699
2011/07/08,551
2011/07/09,522
2011/07/10,500
2011/07/11,546
2011/07/12,603
2011/07/13,602
2011/07/14,611
2011/07/15,611
2011/07/16,535
2011/07/17,536
2011/07/18,602
2011/07/19,631
2011/07/20,691
2011/07/21,647
2011/07/22,526
2011/07/23,529
2011/07/24,470
2011/07/25,545
2011/07/26,630
2011/07/27,647
2011/07/28,621
2011/07/29,608
2011/07/30,521
2011/07/31,536
2011/08/01,496
2011/08/02,666
2011/08/03,616
2011/08/04,615
2011/08/05,582
2011/08/06,552
2011/08/07,497
2011/08/08,616
2011/08/09,649
2011/08/10,706
2011/08/11,658
2011/08/12,674
2011/08/13,568
2011/08/14,452
2011/08/15,613
2011/08/16,662
2011/08/17,710
2011/08/18,601
2011/08/19,530
2011/08/20,554
2011/08/21,461
2011/08/22,569
2011/08/23,596
2011/08/24,582
2011/08/25,534
2011/08/26,561
2011/08/27,417
2011/08/28,327
2011/08/29,590
2011/08/30,672
2011/08/31,587
2011/09/01,648
2011/09/02,599
2011/09/03,572
2011/09/04,491
2011/09/05,489
2011/09/06,493
2011/09/07,573
2011/09/08,564
2011/09/09,574
2011/09/10,607
2011/09/11,512
2011/09/12,521
2011/09/13,611
2011/09/14,630
2011/09/15,554
2011/09/16,584
2011/09/17,543
2011/09/18,462
2011/09/19,534
2011/09/20,603
2011/09/21,622
2011/09/22,628
2011/09/23,539
2011/09/24,552
2011/09/25,515
2011/09/26,569
2011/09/27,621
2011/09/28,618
2011/09/29,595
2011/09/30,581
2011/10/01,533
2011/10/02,362
2011/10/03,464
2011/10/04,499
2011/10/05,504
2011/10/06,587
2011/10/07,458
2011/10/08,547
2011/10/09,467
2011/10/10,499
2011/10/11,564
2011/10/12,544
2011/10/13,561
2011/10/14,543
2011/10/15,573
2011/10/16,431
2011/10/17,539
2011/10/18,622
2011/10/19,558
2011/10/20,569
2011/10/21,548
2011/10/22,532
2011/10/23,494
2011/10/24,514
2011/10/25,612
2011/10/26,594
2011/10/27,493
2011/10/28,511
2011/10/29,390
2011/10/30,428
2011/10/31,513
2011/11/01,570
2011/11/02,526
2011/11/03,526
2011/11/04,525
2011/11/05,440
2011/11/06,487
2011/11/07,546
2011/11/08,547
2011/11/09,601
2011/11/10,567
2011/11/11,538
2011/11/12,532
2011/11/13,426
2011/11/14,556
2011/11/15,564
2011/11/16,524
2011/11/17,524
2011/11/18,495
2011/11/19,519
2011/11/20,487
2011/11/21,521
2011/11/22,451
2011/11/23,483
2011/11/24,275
2011/11/25,523
2011/11/26,534
2011/11/27,490
2011/11/28,546
2011/11/29,533
2011/11/30,477
2011/12/01,519
2011/12/02,519
2011/12/03,488
2011/12/04,420
2011/12/05,511
2011/12/06,572
2011/12/07,452
2011/12/08,520
2011/12/09,510
2011/12/10,532
2011/12/11,392
2011/12/12,458
2011/12/13,528
2011/12/14,532
2011/12/15,544
2011/12/16,538
2011/12/17,462
2011/12/18,364
2011/12/19,474
2011/12/20,524
2011/12/21,501
2011/12/22,582
2011/12/23,508
2011/12/24,391
2011/12/25,228
2011/12/26,392
2011/12/27,432
2011/12/28,497
2011/12/29,493
2011/12/30,499
2011/12/31,428
2012/01/01,468
2012/01/02,423
2012/01/03,508
2012/01/04,453
2012/01/05,551
2012/01/06,528
2012/01/07,473
2012/01/08,407
2012/01/09,475
2012/01/10,515
2012/01/11,519
2012/01/12,520
2012/01/13,534
2012/01/14,488
2012/01/15,420
2012/01/16,440
2012/01/17,551
2012/01/18,597
2012/01/19,547
2012/01/20,543
2012/01/21,374
2012/01/22,338
2012/01/23,425
2012/01/24,551
2012/01/25,517
2012/01/26,527
2012/01/27,541
2012/01/28,561
2012/01/29,459
2012/01/30,511
2012/01/31,606
2012/02/01,562
2012/02/02,537
2012/02/03,601
2012/02/04,519
2012/02/05,436
2012/02/06,500
2012/02/07,542
2012/02/08,452
2012/02/09,500
2012/02/10,560
2012/02/11,457
2012/02/12,370
2012/02/13,490
2012/02/14,518
2012/02/15,624
2012/02/16,476
2012/02/17,521
2012/02/18,565
2012/02/19,567
2012/02/20,486
2012/02/21,544
2012/02/22,546
2012/02/23,551
2012/02/24,550
2012/02/25,522
2012/02/26,503
2012/02/27,535
2012/02/28,539
2012/02/29,519
2012/03/01,496
2012/03/02,574
2012/03/03,480
2012/03/04,421
2012/03/05,461
2012/03/06,532
2012/03/07,527
2012/03/08,526
2012/03/09,531
2012/03/10,577
2012/03/11,445
2012/03/12,522
2012/03/13,596
2012/03/14,585
2012/03/15,560
2012/03/16,629
2012/03/17,629
2012/03/18,503
2012/03/19,553
2012/03/20,593
2012/03/21,557
2012/03/22,553
2012/03/23,622
2012/03/24,545
2012/03/25,459
2012/03/26,514
2012/03/27,521
2012/03/28,529
2012/03/29,545
2012/03/30,541
2012/03/31,511
2012/04/01,442
2012/04/02,520
2012/04/03,545
2012/04/04,676
2012/04/05,694
2012/04/06,572
2012/04/07,612
2012/04/08,425
2012/04/09,518
2012/04/10,554
2012/04/11,547
2012/04/12,520
2012/04/13,592
2012/04/14,533
2012/04/15,511
2012/04/16,519
2012/04/17,608
2012/04/18,641
2012/04/19,588
2012/04/20,560
2012/04/21,579
2012/04/22,421
2012/04/23,512
2012/04/24,533
2012/04/25,582
2012/04/26,589
2012/04/27,644
2012/04/28,549
2012/04/29,475
2012/04/30,598
2012/05/01,631
2012/05/02,566
2012/05/03,579
2012/05/04,530
2012/05/05,562
2012/05/06,484
2012/05/07,556
2012/05/08,599
2012/05/09,519
2012/05/10,577
2012/05/11,620
2012/05/12,605
2012/05/13,499
2012/05/14,605
2012/05/15,589
2012/05/16,610
2012/05/17,550
2012/05/18,578
2012/05/19,563
2012/05/20,524
2012/05/21,530
2012/05/22,578
2012/05/23,615
2012/05/24,544
2012/05/25,647
2012/05/26,600
2012/05/27,646
2012/05/28,495
2012/05/29,586
2012/05/30,602
2012/05/31,608
2012/06/01,626
2012/06/02,499
2012/06/03,519
2012/06/04,609
2012/06/05,594
2012/06/06,573
2012/06/07,624
2012/06/08,666
2012/06/09,669
2012/06/10,470
2012/06/11,595
2012/06/12,508
2012/06/13,549
2012/06/14,655
2012/06/15,638
2012/06/16,545
2012/06/17,498
2012/06/18,572
2012/06/19,667
2012/06/20,585
2012/06/21,576
2012/06/22,648
2012/06/23,574
2012/06/24,513
2012/06/25,605
2012/06/26,624
2012/06/27,621
2012/06/28,597
2012/06/29,643
2012/06/30,487
2012/07/01,488
2012/07/02,545
2012/07/03,675
2012/07/04,460
2012/07/05,683
2012/07/06,681
2012/07/07,533
2012/07/08,530
2012/07/09,578
2012/07/10,630
2012/07/11,622
2012/07/12,519
2012/07/13,548
2012/07/14,483
2012/07/15,450
2012/07/16,548
2012/07/17,582
2012/07/18,645
2012/07/19,590
2012/07/20,591
2012/07/21,524
2012/07/22,523
2012/07/23,593
2012/07/24,614
2012/07/25,590
2012/07/26,532
2012/07/27,525
2012/07/28,517
2012/07/29,482
2012/07/30,562
2012/07/31,670
2012/08/01,550
2012/08/02,530
2012/08/03,574
2012/08/04,489
2012/08/05,503
2012/08/06,550
2012/08/07,633
2012/08/08,614
2012/08/09,578
2012/08/10,566
2012/08/11,528
2012/08/12,504
2012/08/13,664
2012/08/14,563
2012/08/15,579
2012/08/16,558
2012/08/17,574
2012/08/18,571
2012/08/19,528
2012/08/20,547
2012/08/21,607
2012/08/22,604
2012/08/23,609
2012/08/24,601
2012/08/25,605
2012/08/26,507
2012/08/27,504
2012/08/28,614
2012/08/29,607
2012/08/30,609
2012/08/31,614
2012/09/01,560
2012/09/02,511
2012/09/03,447
2012/09/04,591
2012/09/05,610
2012/09/06,594
2012/09/07,624
2012/09/08,585
2012/09/09,496
2012/09/10,551
2012/09/11,575
2012/09/12,548
2012/09/13,572
2012/09/14,571
2012/09/15,563
2012/09/16,494
2012/09/17,584
2012/09/18,542
2012/09/19,627
2012/09/20,582
2012/09/21,718
2012/09/22,553
2012/09/23,491
2012/09/24,526
2012/09/25,584
2012/09/26,570
2012/09/27,595
2012/09/28,552
2012/09/29,565
2012/09/30,462
2012/10/01,526
2012/10/02,566
2012/10/03,580
2012/10/04,631
2012/10/05,621
2012/10/06,559
2012/10/07,456
2012/10/08,488
2012/10/09,557
2012/10/10,587
2012/10/11,554
2012/10/12,597
2012/10/13,527
2012/10/14,450
2012/10/15,519
2012/10/16,604
2012/10/17,619
2012/10/18,598
2012/10/19,592
2012/10/20,578
2012/10/21,459
2012/10/22,543
2012/10/23,576
2012/10/24,600
2012/10/25,544
2012/10/26,589
2012/10/27,586
2012/10/28,448
2012/10/29,201
2012/10/30,399
2012/10/31,545
2012/11/01,520
2012/11/02,537
2012/11/03,496
2012/11/04,420
2012/11/05,483
2012/11/06,414
2012/11/07,432
2012/11/08,514
2012/11/09,541
2012/11/10,513
2012/11/11,488
2012/11/12,515
2012/11/13,530
2012/11/14,522
2012/11/15,466
2012/11/16,494
2012/11/17,545
2012/11/18,433
2012/11/19,469
2012/11/20,533
2012/11/21,474
2012/11/22,257
2012/11/23,523
2012/11/24,507
2012/11/25,414
2012/11/26,436
2012/11/27,475
2012/11/28,510
2012/11/29,520
2012/11/30,547
2012/12/01,512
2012/12/02,403
2012/12/03,543
2012/12/04,509
2012/12/05,525
2012/12/06,540
2012/12/07,540
2012/12/08,562
2012/12/09,404
2012/12/10,490
2012/12/11,576
2012/12/12,540
2012/12/13,509
2012/12/14,546
2012/12/15,518
2012/12/16,411
2012/12/17,472
2012/12/18,532
2012/12/19,527
2012/12/20,477
2012/12/21,491
2012/12/22,458
2012/12/23,389
2012/12/24,350
2012/12/25,204
2012/12/26,364
2012/12/27,433
2012/12/28,423
2012/12/29,410
2012/12/30,342
2012/12/31,384
2013/01/01,515
2013/01/02,487
2013/01/03,509
2013/01/04,515
2013/01/05,426
2013/01/06,388
2013/01/07,466
2013/01/08,473
2013/01/09,505
2013/01/10,502
2013/01/11,526
2013/01/12,420
2013/01/13,414
2013/01/14,492
2013/01/15,474
2013/01/16,500
2013/01/17,504
2013/01/18,522
2013/01/19,513
2013/01/20,433
2013/01/21,392
2013/01/22,391
2013/01/23,429
2013/01/24,431
2013/01/25,415
2013/01/26,388
2013/01/27,359
2013/01/28,419
2013/01/29,574
2013/01/30,492
2013/01/31,453
2013/02/01,465
2013/02/02,441
2013/02/03,336
2013/02/04,430
2013/02/05,477
2013/02/06,466
2013/02/07,454
2013/02/08,436
2013/02/09,415
2013/02/10,390
2013/02/11,494
2013/02/12,548
2013/02/13,474
2013/02/14,457
2013/02/15,481
2013/02/16,440
2013/02/17,393
2013/02/18,389
2013/02/19,465
2013/02/20,504
2013/02/21,436
2013/02/22,497
2013/02/23,444
2013/02/24,483
2013/02/25,514
2013/02/26,502
2013/02/27,492
2013/02/28,511
2013/03/01,546
2013/03/02,501
2013/03/03,426
2013/03/04,451
2013/03/05,522
2013/03/06,455
2013/03/07,501
2013/03/08,518
2013/03/09,563
2013/03/10,418
2013/03/11,482
2013/03/12,505
2013/03/13,524
2013/03/14,466
2013/03/15,499
2013/03/16,470
2013/03/17,399
2013/03/18,415
2013/03/19,522
2013/03/20,553
2013/03/21,526
2013/03/22,499
2013/03/23,510
2013/03/24,392
2013/03/25,385
2013/03/26,529
2013/03/27,617
2013/03/28,544
2013/03/29,582
2013/03/30,553
2013/03/31,362
2013/04/01,464
2013/04/02,533
2013/04/03,532
2013/04/04,571
2013/04/05,556
2013/04/06,515
2013/04/07,414
2013/04/08,536
2013/04/09,562
2013/04/10,506
2013/04/11,486
2013/04/12,486
2013/04/13,494
2013/04/14,502
2013/04/15,541
2013/04/16,573
2013/04/17,627
2013/04/18,571
2013/04/19,528
2013/04/20,497
2013/04/21,452
2013/04/22,482
2013/04/23,530
2013/04/24,533
2013/04/25,502
2013/04/26,543
2013/04/27,533
2013/04/28,454
2013/04/29,489
2013/04/30,570
2013/05/01,498
2013/05/02,526
2013/05/03,624
2013/05/04,595
2013/05/05,463
2013/05/06,547
2013/05/07,567
2013/05/08,588
2013/05/09,612
2013/05/10,596
2013/05/11,522
2013/05/12,492
2013/05/13,569
2013/05/14,493
2013/05/15,580
2013/05/16,543
2013/05/17,623
2013/05/18,539
2013/05/19,431
2013/05/20,554
2013/05/21,523
2013/05/22,593
2013/05/23,579
2013/05/24,499
2013/05/25,553
2013/05/26,539
2013/05/27,495
2013/05/28,528
2013/05/29,551
2013/05/30,553
2013/05/31,576
2013/06/01,587
2013/06/02,449
2013/06/03,563
2013/06/04,629
2013/06/05,571
2013/06/06,557
2013/06/07,447
2013/06/08,524
2013/06/09,503
2013/06/10,504
2013/06/11,555
2013/06/12,605
2013/06/13,543
2013/06/14,593
2013/06/15,577
2013/06/16,496
2013/06/17,582
2013/06/18,566
2013/06/19,580
2013/06/20,599
2013/06/21,716
2013/06/22,605
2013/06/23,509
2013/06/24,571
2013/06/25,615
2013/06/26,596
2013/06/27,541
2013/06/28,573
2013/06/29,550
2013/06/30,449
2013/07/01,589
2013/07/02,583
2013/07/03,561
2013/07/04,507
2013/07/05,609
2013/07/06,567
2013/07/07,490
2013/07/08,548
2013/07/09,609
2013/07/10,596
2013/07/11,575
2013/07/12,501
2013/07/13,478
2013/07/14,444
2013/07/15,553
2013/07/16,528
2013/07/17,692
2013/07/18,500
2013/07/19,538
2013/07/20,562
2013/07/21,500
2013/07/22,551
2013/07/23,593
2013/07/24,595
2013/07/25,545
2013/07/26,566
2013/07/27,553
2013/07/28,507
2013/07/29,508
2013/07/30,625
2013/07/31,605
2013/08/01,507
2013/08/02,547
2013/08/03,586
2013/08/04,494
2013/08/05,594
2013/08/06,594
2013/08/07,519
2013/08/08,590
2013/08/09,607
2013/08/10,585
2013/08/11,478
2013/08/12,572
2013/08/13,530
2013/08/14,563
2013/08/15,556
2013/08/16,555
2013/08/17,618
2013/08/18,442
2013/08/19,523
2013/08/20,616
2013/08/21,596
2013/08/22,593
2013/08/23,639
2013/08/24,583
2013/08/25,547
2013/08/26,552
2013/08/27,591
2013/08/28,568
2013/08/29,566
2013/08/30,628
2013/08/31,548
2013/09/01,468
2013/09/02,474
2013/09/03,598
2013/09/04,553
2013/09/05,562
2013/09/06,574
2013/09/07,647
2013/09/08,462
2013/09/09,477
2013/09/10,536
2013/09/11,547
2013/09/12,548
2013/09/13,625
2013/09/14,516
2013/09/15,475
2013/09/16,531
2013/09/17,557
2013/09/18,527
2013/09/19,530
2013/09/20,635
2013/09/21,567
2013/09/22,386
2013/09/23,474
2013/09/24,529
2013/09/25,562
2013/09/26,518
2013/09/27,564
2013/09/28,554
2013/09/29,467
2013/09/30,514
2013/10/01,592
2013/10/02,580
2013/10/03,572
2013/10/04,593
2013/10/05,636
2013/10/06,493
2013/10/07,493
2013/10/08,560
2013/10/09,527
2013/10/10,495
2013/10/11,481
2013/10/12,540
2013/10/13,465
2013/10/14,512
2013/10/15,563
2013/10/16,609
2013/10/17,528
2013/10/18,612
2013/10/19,529
2013/10/20,445
2013/10/21,534
2013/10/22,538
2013/10/23,514
2013/10/24,520
2013/10/25,511
2013/10/26,462
2013/10/27,462
2013/10/28,497
2013/10/29,608
2013/10/30,543
2013/10/31,575
2013/11/01,579
2013/11/02,577
2013/11/03,455
2013/11/04,482
2013/11/05,471
2013/11/06,538
2013/11/07,535
2013/11/08,512
2013/11/09,499
2013/11/10,426
2013/11/11,519
2013/11/12,495
2013/11/13,507
2013/11/14,473
2013/11/15,513
2013/11/16,546
2013/11/17,513
2013/11/18,538
2013/11/19,509
2013/11/20,470
2013/11/21,524
2013/11/22,545
2013/11/23,501
2013/11/24,358
2013/11/25,426
2013/11/26,441
2013/11/27,377
2013/11/28,250
2013/11/29,472
2013/11/30,430
2013/12/01,428
2013/12/02,459
2013/12/03,498
2013/12/04,521
2013/12/05,495
2013/12/06,469
2013/12/07,484
2013/12/08,325
2013/12/09,387
2013/12/10,307
2013/12/11,440
2013/12/12,409
2013/12/13,443
2013/12/14,376
2013/12/15,315
2013/12/16,447
2013/12/17,451
2013/12/18,441
2013/12/19,418
2013/12/20,558
2013/12/21,500
2013/12/22,430
2013/12/23,462
2013/12/24,324
2013/12/25,179
2013/12/26,437
2013/12/27,454
2013/12/28,473
2013/12/29,319
2013/12/30,449
2013/12/31,395
2014/01/01,403
2014/01/02,464
2014/01/03,233
2014/01/04,258
2014/01/05,285
2014/01/06,423
2014/01/07,385
2014/01/08,407
2014/01/09,444
2014/01/10,399
2014/01/11,430
2014/01/12,412
2014/01/13,492
2014/01/14,520
2014/01/15,541
2014/01/16,464
2014/01/17,541
2014/01/18,427
2014/01/19,418
2014/01/20,457
2014/01/21,228
2014/01/22,263
2014/01/23,356
2014/01/24,365
2014/01/25,301
2014/01/26,299
2014/01/27,441
2014/01/28,449
2014/01/29,373
2014/01/30,390
2014/01/31,448
2014/02/01,431
2014/02/02,346
2014/02/03,291
2014/02/04,419
2014/02/05,375
2014/02/06,476
2014/02/07,479
2014/02/08,431
2014/02/09,345
2014/02/10,440
2014/02/11,400
2014/02/12,383
2014/02/13,195
2014/02/14,366
2014/02/15,361
2014/02/16,312
2014/02/17,386
2014/02/18,411
2014/02/19,461
2014/02/20,434
2014/02/21,454
2014/02/22,508
2014/02/23,475
2014/02/24,413
2014/02/25,459
2014/02/26,409
2014/02/27,382
2014/02/28,410
2014/03/01,408
2014/03/02,351
2014/03/03,319
2014/03/04,390
2014/03/05,422
2014/03/06,451
2014/03/07,483
2014/03/08,565
2014/03/09,417
2014/03/10,461
2014/03/11,520
2014/03/12,464
2014/03/13,433
2014/03/14,501
2014/03/15,492
2014/03/16,406
2014/03/17,385
2014/03/18,554
2014/03/19,477
2014/03/20,546
2014/03/21,611
2014/03/22,465
2014/03/23,441
2014/03/24,482
2014/03/25,472
2014/03/26,490
2014/03/27,461
2014/03/28,503
2014/03/29,385
2014/03/30,354
2014/03/31,437
2014/04/01,549
2014/04/02,536
2014/04/03,602
2014/04/04,483
2014/04/05,488
2014/04/06,470
2014/04/07,494
2014/04/08,581
2014/04/09,562
2014/04/10,530
2014/04/11,565
2014/04/12,599
2014/04/13,514
2014/04/14,544
2014/04/15,475
2014/04/16,558
2014/04/17,559
2014/04/18,540
2014/04/19,543
2014/04/20,408
2014/04/21,498
2014/04/22,571
2014/04/23,547
2014/04/24,559
2014/04/25,555
2014/04/26,538
2014/04/27,499
2014/04/28,575
2014/04/29,524
2014/04/30,366
2014/05/01,559
2014/05/02,684
2014/05/03,538
2014/05/04,477
2014/05/05,565
2014/05/06,556
2014/05/07,567
2014/05/08,545
2014/05/09,624
2014/05/10,573
2014/05/11,393
2014/05/12,594
2014/05/13,616
2014/05/14,592
2014/05/15,560
2014/05/16,499
2014/05/17,560
2014/05/18,507
2014/05/19,610
2014/05/20,468
2014/05/21,579
2014/05/22,554
2014/05/23,584
2014/05/24,532
2014/05/25,488
2014/05/26,492
2014/05/27,556
2014/05/28,744
2014/05/29,584
2014/05/30,606
2014/05/31,579
2014/06/01,466
2014/06/02,570
2014/06/03,576
2014/06/04,580
2014/06/05,632
2014/06/06,626
2014/06/07,569
2014/06/08,449
2014/06/09,591
2014/06/10,591
2014/06/11,577
2014/06/12,567
2014/06/13,579
2014/06/14,548
2014/06/15,394
2014/06/16,531
2014/06/17,575
2014/06/18,615
2014/06/19,629
2014/06/20,717
2014/06/21,536
2014/06/22,464
2014/06/23,607
2014/06/24,600
2014/06/25,598
2014/06/26,565
2014/06/27,560
2014/06/28,505
2014/06/29,446
2014/06/30,556
2014/07/01,598
2014/07/02,576
2014/07/03,651
2014/07/04,389
2014/07/05,508
2014/07/06,520
2014/07/07,611
2014/07/08,658
2014/07/09,565
2014/07/10,615
2014/07/11,588
2014/07/12,541
2014/07/13,460
2014/07/14,524
2014/07/15,556
2014/07/16,688
2014/07/17,555
2014/07/18,592
2014/07/19,587
2014/07/20,558
2014/07/21,632
2014/07/22,669
2014/07/23,587
2014/07/24,600
2014/07/25,657
2014/07/26,531
2014/07/27,499
2014/07/28,596
2014/07/29,687
2014/07/30,603
2014/07/31,611
2014/08/01,532
2014/08/02,538
2014/08/03,488
2014/08/04,586
2014/08/05,551
2014/08/06,558
2014/08/07,529
2014/08/08,643
2014/08/09,550
2014/08/10,513
2014/08/11,606
2014/08/12,532
2014/08/13,591
2014/08/14,647
2014/08/15,581
2014/08/16,466
2014/08/17,473
2014/08/18,511
2014/08/19,554
2014/08/20,578
2014/08/21,568
2014/08/22,555
2014/08/23,498
2014/08/24,532
2014/08/25,551
2014/08/26,566
2014/08/27,546
2014/08/28,540
2014/08/29,511
2014/08/30,460
2014/08/31,459
2014/09/01,416
2014/09/02,657
2014/09/03,594
2014/09/04,587
2014/09/05,597
2014/09/06,607
2014/09/07,508
2014/09/08,516
2014/09/09,554
2014/09/10,546
2014/09/11,590
2014/09/12,573
2014/09/13,511
2014/09/14,481
2014/09/15,552
2014/09/16,604
2014/09/17,611
2014/09/18,601
2014/09/19,655
2014/09/20,525
2014/09/21,535
2014/09/22,527
2014/09/23,579
2014/09/24,575
2014/09/25,548
2014/09/26,571
2014/09/27,550
2014/09/28,473
2014/09/29,567
2014/09/30,609
2014/10/01,647
2014/10/02,635
2014/10/03,580
2014/10/04,513
2014/10/05,485
2014/10/06,581
2014/10/07,589
2014/10/08,629
2014/10/09,628
2014/10/10,614
2014/10/11,544
2014/10/12,467
2014/10/13,529
2014/10/14,659
2014/10/15,555
2014/10/16,574
2014/10/17,620
2014/10/18,574
2014/10/19,466
2014/10/20,528
2014/10/21,609
2014/10/22,548
2014/10/23,511
2014/10/24,608
2014/10/25,566
2014/10/26,421
2014/10/27,570
2014/10/28,670
2014/10/29,577
2014/10/30,627
2014/10/31,540
2014/11/01,493
2014/11/02,459
2014/11/03,537
2014/11/04,550
2014/11/05,578
2014/11/06,535
2014/11/07,633
2014/11/08,575
2014/11/09,445
2014/11/10,575
2014/11/11,557
2014/11/12,594
2014/11/13,510
2014/11/14,545
2014/11/15,497
2014/11/16,373
2014/11/17,480
2014/11/18,474
2014/11/19,464
2014/11/20,513
2014/11/21,513
2014/11/22,496
2014/11/23,420
2014/11/24,525
2014/11/25,490
2014/11/26,404
2014/11/27,251
2014/11/28,448
2014/11/29,526
2014/11/30,420
2014/12/01,455
2014/12/02,493
2014/12/03,482
2014/12/04,497
2014/12/05,563
2014/12/06,486
2014/12/07,383
2014/12/08,473
2014/12/09,465
2014/12/10,545
2014/12/11,484
2014/12/12,476
2014/12/13,463
2014/12/14,379
2014/12/15,497
2014/12/16,503
2014/12/17,514
2014/12/18,524
2014/12/19,526
2014/12/20,479
2014/12/21,394
2014/12/22,518
2014/12/23,466
2014/12/24,337
2014/12/25,239
2014/12/26,437
2014/12/27,386
2014/12/28,425
2014/12/29,480
2014/12/30,471
2014/12/31,368
2015/01/01,439
2015/01/02,501
2015/01/03,389
2015/01/04,346
2015/01/05,472
2015/01/06,424
2015/01/07,396
2015/01/08,395
2015/01/09,416
2015/01/10,382
2015/01/11,341
2015/01/12,370
2015/01/13,603
2015/01/14,516
2015/01/15,511
2015/01/16,490
2015/01/17,471
2015/01/18,302
2015/01/19,436
2015/01/20,573
2015/01/21,462
2015/01/22,472
2015/01/23,524
2015/01/24,398
2015/01/25,376
2015/01/26,380
2015/01/27,463
2015/01/28,452
2015/01/29,492
2015/01/30,464
2015/01/31,378
2015/02/01,341
2015/02/02,426
2015/02/03,514
2015/02/04,540
2015/02/05,526
2015/02/06,503
2015/02/07,458
2015/02/08,445
2015/02/09,404
2015/02/10,497
2015/02/11,516
2015/02/12,504
2015/02/13,445
2015/02/14,370
2015/02/15,261
2015/02/16,334
2015/02/17,373
2015/02/18,488
2015/02/19,420
2015/02/20,442
2015/02/21,323
2015/02/22,315
2015/02/23,455
2015/02/24,476
2015/02/25,511
2015/02/26,455
2015/02/27,493
2015/02/28,431
2015/03/01,353
2015/03/02,381
2015/03/03,412
2015/03/04,465
2015/03/05,299
2015/03/06,382
2015/03/07,441
2015/03/08,409
2015/03/09,482
2015/03/10,487
2015/03/11,519
2015/03/12,488
2015/03/13,513
2015/03/14,397
2015/03/15,404
2015/03/16,479
2015/03/17,516
2015/03/18,531
2015/03/19,570
2015/03/20,458
2015/03/21,479
2015/03/22,445
2015/03/23,453
2015/03/24,543
2015/03/25,514
2015/03/26,541
2015/03/27,517
2015/03/28,463
2015/03/29,365
2015/03/30,540
2015/03/31,521
2015/04/01,589
2015/04/02,562
2015/04/03,576
2015/04/04,553
2015/04/05,418
2015/04/06,554
2015/04/07,564
2015/04/08,546
2015/04/09,512
2015/04/10,560
2015/04/11,503
2015/04/12,496
2015/04/13,574
2015/04/14,625
2015/04/15,613
2015/04/16,567
2015/04/17,657
2015/04/18,512
2015/04/19,486
2015/04/20,513
2015/04/21,607
2015/04/22,570
2015/04/23,575
2015/04/24,630
2015/04/25,550
2015/04/26,505
2015/04/27,634
2015/04/28,624
2015/04/29,584
2015/04/30,507
2015/05/01,527
2015/05/02,483
2015/05/03,472
2015/05/04,592
2015/05/05,636
2015/05/06,564
2015/05/07,615
2015/05/08,567
2015/05/09,526
2015/05/10,469
2015/05/11,567
2015/05/12,547
2015/05/13,547
2015/05/14,517
2015/05/15,634
2015/05/16,530
2015/05/17,455
2015/05/18,573
2015/05/19,527
2015/05/20,632
2015/05/21,534
2015/05/22,592
2015/05/23,525
2015/05/24,531
2015/05/25,480
2015/05/26,618
2015/05/27,603
2015/05/28,614
2015/05/29,551
2015/05/30,549
2015/05/31,490
2015/06/01,516
2015/06/02,485
2015/06/03,600
2015/06/04,550
2015/06/05,623
2015/06/06,543
2015/06/07,437
2015/06/08,585
2015/06/09,569
2015/06/10,638
2015/06/11,579
2015/06/12,579
2015/06/13,497
2015/06/14,486
2015/06/15,531
2015/06/16,599
2015/06/17,584
2015/06/18,587
2015/06/19,637
2015/06/20,489
2015/06/21,438
2015/06/22,570
2015/06/23,570
2015/06/24,584
2015/06/25,565
2015/06/26,578
2015/06/27,436
2015/06/28,435
2015/06/29,586
2015/06/30,553
2015/07/01,629
2015/07/02,661
2015/07/03,593
2015/07/04,378
2015/07/05,439
2015/07/06,610
2015/07/07,597
2015/07/08,625
2015/07/09,523
2015/07/10,562
2015/07/11,544
2015/07/12,443
2015/07/13,522
2015/07/14,667
2015/07/15,571
2015/07/16,526
2015/07/17,557
2015/07/18,458
2015/07/19,440
2015/07/20,564
2015/07/21,616
2015/07/22,626
2015/07/23,541
2015/07/24,552
2015/07/25,533
2015/07/26,477
2015/07/27,590
2015/07/28,641
2015/07/29,588
2015/07/30,579
2015/07/31,575
2015/08/01,536
2015/08/02,492
2015/08/03,598
2015/08/04,586
2015/08/05,592
2015/08/06,564
2015/08/07,572
2015/08/08,498
2015/08/09,502
2015/08/10,590
2015/08/11,564
2015/08/12,613
2015/08/13,581
2015/08/14,507
2015/08/15,575
2015/08/16,483
2015/08/17,586
2015/08/18,604
2015/08/19,615
2015/08/20,562
2015/08/21,603
2015/08/22,540
2015/08/23,489
2015/08/24,591
2015/08/25,652
2015/08/26,570
2015/08/27,559
2015/08/28,554
2015/08/29,525
2015/08/30,503
2015/08/31,582
2015/09/01,598
2015/09/02,563
2015/09/03,535
2015/09/04,632
2015/09/05,537
2015/09/06,439
2015/09/07,529
2015/09/08,605
2015/09/09,508
2015/09/10,444
2015/09/11,546
2015/09/12,474
2015/09/13,487
2015/09/14,534
2015/09/15,555
2015/09/16,539
2015/09/17,557
2015/09/18,625
2015/09/19,508
2015/09/20,488
2015/09/21,530
2015/09/22,533
2015/09/23,523
2015/09/24,429
2015/09/25,457
2015/09/26,390
2015/09/27,355
2015/09/28,444
2015/09/29,488
2015/09/30,506
2015/10/01,465
2015/10/02,341
2015/10/03,417
2015/10/04,399
2015/10/05,478
2015/10/06,587
2015/10/07,563
2015/10/08,529
2015/10/09,514
2015/10/10,452
2015/10/11,478
2015/10/12,531
2015/10/13,592
2015/10/14,582
2015/10/15,472
2015/10/16,508
2015/10/17,411
2015/10/18,379
2015/10/19,448
2015/10/20,515
2015/10/21,532
2015/10/22,535
2015/10/23,513
2015/10/24,481
2015/10/25,442
2015/10/26,493
2015/10/27,591
2015/10/28,442
2015/10/29,496
2015/10/30,539
2015/10/31,463
2015/11/01,466
2015/11/02,559
2015/11/03,499
2015/11/04,521
2015/11/05,485
2015/11/06,485
2015/11/07,540
2015/11/08,380
2015/11/09,506
2015/11/10,488
2015/11/11,480
2015/11/12,517
2015/11/13,507
2015/11/14,418
2015/11/15,392
2015/11/16,471
2015/11/17,538
2015/11/18,473
2015/11/19,439
2015/11/20,519
2015/11/21,461
2015/11/22,375
2015/11/23,454
2015/11/24,487
2015/11/25,401
2015/11/26,244
2015/11/27,475
2015/11/28,441
2015/11/29,370
2015/11/30,484
2015/12/01,398
2015/12/02,419
2015/12/03,469
2015/12/04,496
2015/12/05,472
2015/12/06,433
2015/12/07,491
2015/12/08,447
2015/12/09,484
2015/12/10,531
2015/12/11,499
2015/12/12,471
2015/12/13,417
2015/12/14,459
2015/12/15,526
2015/12/16,505
2015/12/17,473
2015/12/18,470
2015/12/19,389
2015/12/20,364
2015/12/21,435
2015/12/22,497
2015/12/23,420
2015/12/24,360
2015/12/25,186
2015/12/26,412
2015/12/27,361
2015/12/28,454
2015/12/29,495
2015/12/30,462
2015/12/31,440
2016/01/01,329
2016/01/02,417
2016/01/03,324
2016/01/04,409
2016/01/05,415
2016/01/06,428
2016/01/07,436
2016/01/08,444
2016/01/09,396
2016/01/10,359
2016/01/11,418
2016/01/12,448
2016/01/13,428
2016/01/14,423
2016/01/15,453
2016/01/16,417
2016/01/17,375
2016/01/18,378
2016/01/19,396
2016/01/20,457
2016/01/21,515
2016/01/22,373
2016/01/23,71
2016/01/24,157
2016/01/25,296
2016/01/26,358
2016/01/27,425
2016/01/28,461
2016/01/29,425
2016/01/30,414
2016/01/31,397
2016/02/01,470
2016/02/02,494
2016/02/03,469
2016/02/04,458
2016/02/05,488
2016/02/06,415
2016/02/07,368
2016/02/08,445
2016/02/09,420
2016/02/10,441
2016/02/11,392
2016/02/12,411
2016/02/13,301
2016/02/14,254
2016/02/15,274
2016/02/16,416
2016/02/17,460
2016/02/18,405
2016/02/19,459
2016/02/20,442
2016/02/21,478
2016/02/22,465
2016/02/23,442
2016/02/24,413
2016/02/25,456
2016/02/26,463
2016/02/27,371
2016/02/28,364
2016/02/29,490
2016/03/01,466
2016/03/02,463
2016/03/03,433
2016/03/04,460
2016/03/05,407
2016/03/06,316
2016/03/07,449
2016/03/08,433
2016/03/09,504
2016/03/10,483
2016/03/11,490
2016/03/12,459
2016/03/13,355
2016/03/14,412
2016/03/15,455
2016/03/16,477
2016/03/17,465
2016/03/18,530
2016/03/19,437
2016/03/20,345
2016/03/21,457
2016/03/22,429
2016/03/23,540
2016/03/24,493
2016/03/25,482
2016/03/26,431
2016/03/27,328
2016/03/28,480
2016/03/29,501
2016/03/30,423
2016/03/31,528
2016/04/01,508
2016/04/02,444
2016/04/03,389
2016/04/04,423
2016/04/05,433
2016/04/06,457
2016/04/07,514
2016/04/08,480
2016/04/09,446
2016/04/10,364
2016/04/11,466
2016/04/12,511
2016/04/13,552
2016/04/14,459
2016/04/15,517
2016/04/16,454
2016/04/17,426
2016/04/18,455
2016/04/19,537
2016/04/20,489
2016/04/21,455
2016/04/22,526
2016/04/23,481
2016/04/24,415
2016/04/25,548
2016/04/26,519
2016/04/27,487
2016/04/28,452
2016/04/29,519
2016/04/30,444
2016/05/01,404
2016/05/02,466
2016/05/03,521
2016/05/04,521
2016/05/05,511
2016/05/06,476
2016/05/07,469
2016/05/08,456
2016/05/09,527
2016/05/10,533
2016/05/11,496
2016/05/12,529
2016/05/13,510
2016/05/14,475
2016/05/15,413
2016/05/16,488
2016/05/17,480
2016/05/18,490
2016/05/19,546
2016/05/20,497
2016/05/21,499
2016/05/22,460
2016/05/23,550
2016/05/24,530
2016/05/25,544
2016/05/26,538
2016/05/27,553
2016/05/28,529
2016/05/29,404
2016/05/30,389
2016/05/31,563
2016/06/01,548
2016/06/02,493
2016/06/03,567
2016/06/04,500
2016/06/05,449
2016/06/06,499
2016/06/07,522
2016/06/08,522
2016/06/09,558
2016/06/10,503
2016/06/11,452
2016/06/12,381
2016/06/13,509
2016/06/14,594
2016/06/15,541
2016/06/16,524
2016/06/17,548
2016/06/18,417
2016/06/19,401
2016/06/20,530
2016/06/21,539
2016/06/22,557
2016/06/23,576
2016/06/24,562
2016/06/25,450
2016/06/26,425
2016/06/27,476
2016/06/28,552
2016/06/29,603
2016/06/30,533
2016/07/01,490
2016/07/02,471
2016/07/03,426
2016/07/04,349
2016/07/05,558
2016/07/06,554
2016/07/07,476
2016/07/08,417
2016/07/09,421
2016/07/10,420
2016/07/11,494
2016/07/12,513
2016/07/13,536
2016/07/14,489
2016/07/15,473
2016/07/16,445
2016/07/17,402
2016/07/18,458
2016/07/19,511
2016/07/20,468
2016/07/21,445
2016/07/22,423
2016/07/23,401
2016/07/24,396
2016/07/25,533
2016/07/26,467
2016/07/27,417
2016/07/28,467
2016/07/29,435
2016/07/30,420
2016/07/31,399
2016/08/01,518
2016/08/02,508
2016/08/03,472
2016/08/04,506
2016/08/05,490
2016/08/06,435
2016/08/07,434
2016/08/08,510
2016/08/09,529
2016/08/10,541
2016/08/11,472
2016/08/12,474
2016/08/13,496
2016/08/14,436
2016/08/15,546
2016/08/16,561
2016/08/17,537
2016/08/18,519
2016/08/19,560
2016/08/20,416
2016/08/21,471
2016/08/22,535
2016/08/23,560
2016/08/24,568
2016/08/25,555
2016/08/26,528
2016/08/27,482
2016/08/28,465
2016/08/29,534
2016/08/30,596
2016/08/31,531
2016/09/01,486
2016/09/02,513
2016/09/03,496
2016/09/04,407
2016/09/05,456
2016/09/06,562
2016/09/07,529
2016/09/08,528
2016/09/09,494
2016/09/10,474
2016/09/11,424
2016/09/12,493
2016/09/13,474
2016/09/14,493
2016/09/15,532
2016/09/16,536
2016/09/17,432
2016/09/18,400
2016/09/19,496
2016/09/20,505
2016/09/21,473
2016/09/22,486
2016/09/23,515
2016/09/24,460
2016/09/25,394
2016/09/26,477
2016/09/27,517
2016/09/28,488
2016/09/29,437
2016/09/30,429
2016/10/01,401
2016/10/02,440
2016/10/03,502
2016/10/04,511
2016/10/05,544
2016/10/06,521
2016/10/07,493
2016/10/08,470
2016/10/09,393
2016/10/10,498
2016/10/11,507
2016/10/12,526
2016/10/13,489
2016/10/14,506
2016/10/15,444
2016/10/16,422
2016/10/17,567
2016/10/18,513
2016/10/19,490
2016/10/20,18
